Drug ID,Name,Synonyms,Target name,Gene Target,Drug Type,Pathway,Owner,Pubchem,Chembl,MW,CPP Score,Web Release,Suitable for publication
1242,(5Z)-7-Oxozeaenol,"5Z-7-Oxozeaenol, LL-Z1640-2",TAK1,MAP3K7,Targeted,"Other, kinases",GDSC,9863776,CHEMBL1077979,362.37,,Y,Y
1073,5-Fluorouracil,5-FU,Antimetabolite (DNA & RNA),,Chemotherapeutic,Other,GDSC,3385,CHEMBL185,130.08,,Y,Y
179,5-Fluorouracil,5-FU,Antimetabolite (DNA & RNA),,Chemotherapeutic,Other,MGH,3385,CHEMBL185,,,Y,Y
2323,A-1155463,A-1155463,BCL-XL,BCL2L1,Targeted,Apoptosis regulation,GDSC,None,None,,,N,Y
1910,ABT737,,"BCL2, BCL-XL,  BCL-W, BCL-B, BFL1",BCL2;BCL2A1;BCL2L1;BCL2L10;BCL2L2,Targeted,Apoptosis regulation,GDSC,11228183,CHEMBL376408,813.43,,Y,Y
2309,AC220,AC220,FLT3,FLT3,Targeted,RTK signaling,GDSC,None,CHEMBL576982,,,N,Y
2333,ACY-738,ACY-738,HDAC6,HDAC6,Targeted,Chromatin histone acetylation,GDSC,None,None,,,N,Y
1001,AICA Ribonucleotide,"AICAR, N1-(b-D-Ribofuranosyl)-5-aminoimidazole-4-carboxamide",AMPK agonist,PRKAA2,Targeted,Metabolism,GDSC,65110,CHEMBL483849,258.23,,Y,Y
228,AKT inhibitor VIII,"Akti-1/2, KIN001-102","AKT1, AKT2, AKT3",AKT1;AKT2;AKT3,Targeted,PI3K/MTOR signaling,MGH,10196499,CHEMBL258844,,,Y,Y
171,AKT inhibitor VIII,"Akti-1/2, KIN001-102","AKT1, AKT2, AKT3",AKT1;AKT2;AKT3,Targeted,PI3K/MTOR signaling,MGH,10196499,CHEMBL258844,683.68,,Y,Y
2045,AMG-319,AMG319,PI3K (beta sparing),PIK3CA;PIK3CD;PIK3CG,Targeted,PI3K/MTOR signaling,GDSC,68947304,CHEMBL3545048,385.4,,Y,Y
2293,AMG900,AMG900,"AURKA, AURKB, AURKC",AURKA;AURKB;AURKC,Targeted,Mitosis,GDSC,None,CHEMBL2140408,,,N,Y
272,AR-42,"HDAC-42, AR 42, AR42",HDAC1,HDAC1,Targeted,Chromatin histone acetylation,MGH,6918848,CHEMBL191482,312.36,,Y,Y
207,AS601245,,"JNK1, JNK2, JNK2",MAPK8;MAPK9,Targeted,JNK and p38 signaling,MGH,10109823,CHEMBL406703,372.5,,Y,Y
224,AS605240,"KIN001-173, AS-605240",PI3Kgamma,PIK3CG,Targeted,PI3K/MTOR signaling,MGH,5289247,CHEMBL568150,,,Y,Y
1954,ASLAN002,"SN1110473129, BMS-777607",TAM Kinases,MET;AXL;MST1R;TYRO3,Targeted,RTK signaling,AZ,,CHEMBL460702,,,N,N
219,AT-7519,AT7519,"CDK1, CDK2, CDK4, CDK6, CDK9",CDK1;CDK2;CDK4;CDK6;CDK9,Targeted,Cell cycle,MGH,11338033,CHEMBL445813,,,Y,Y
2170,AT13148,,AKT1,AKT1,Targeted,PI3K/MTOR signaling,GDSC,,CHEMBL3544960,313.8,,Y,Y
2330,AZ191,AZ191,DYRK1B,DYRK1B,Targeted,"Other, kinases",GDSC,None,None,,,N,Y
1184,AZ20,,ATR,ATR,Targeted,Genome integrity,AZ,,CHEMBL2325697,412.0,,N,N
2109,AZ6102,,"TNKS1, TNKS2",TNKS;TNKS2,Targeted,WNT signaling,GDSC,91663328,none,428.53,3.0,Y,Y
1169,AZ628,"AZ-628, AZ 628","BRAF, RAF",BRAF;RAF1,Targeted,ERK MAPK signaling,GDSC,1167686,CHEMBL2144069,451.53,,N,Y
1250,AZ960,"AZ 960, AZ-960","JAK2, JAK3",JAK2;JAK3,Targeted,"Other, kinases",GDSC,25099184,CHEMBL1774055,345.36,,Y,Y
2298,AZD1152-HQPA,AZD1152-HQPA,AURKB,AURKB,Targeted,Mitosis,GDSC,None,None,,,N,Y
1449,AZD1208,SN1028350371,"PIM1, PIM2, PIM3",PIM1;PIM2;PIM3,Targeted,"Other, kinases",AZ,,,,,N,N
1463,AZD1332,SN1061387896,"NTRK1, NTRK2, NTRK3",NTRK1;NTRK2;NTRK3,Targeted,RTK signaling,AZ,,,,,N,N
1432,AZD1480,SN1044232195,"JAK1, JAK2",JAK1;JAK2,Targeted,"Other, kinases",AZ,,,,,N,N
1735,AZD1775,"SN1128449190,SN1122678933, AZD1775",WEE1,WEE1,Targeted,Cell cycle,AZ,,CHEMBL1976040,,,N,N
1441,AZD2014,SN1103949359,"mTORC1, mTORC2",MTOR,Targeted,PI3K/MTOR signaling,AZ,,CHEMBL2336325,,3.6667,N,N
1431,AZD2230,SN1060597799,IKK2,IKBKB,Targeted,"Other, kinases",AZ,,,,,N,N
1382,AZD3514,SN1019841295,Androgen receptor down regulator,AR,,Hormone-related,AZ,,,,,N,N
1915,AZD3759,,EGFR,EGFR,Targeted,EGFR signaling,GDSC,78209992,CHEMBL3623290,459.9,,Y,Y
1965,AZD4205,"SN1126753946, JAK1_0289",JAK1,JAK1,Targeted,"Other, kinases",AZ,,,,,N,N
1135,AZD4547,AZ6,"FGRF1, FGFR2, FGFR3",FGFR1;FGFR2;FGFR3,Targeted,RTK signaling,AZ,,CHEMBL2409696,463.0,,N,N
1786,AZD4547,1035270-39-3,"FGFR1, FGFR2, FGFR3",FGFR1;FGFR2;FGFR3,Targeted,RTK signaling,GDSC,51039095,CHEMBL3184679,463.57,,Y,Y
1497,AZD4547,AZ6,"FGFR1, FGFR2, FGFR3",FGFR1;FGFR2;FGFR3,Targeted,RTK signaling,AZ,,CHEMBL2409696,,,N,N
1409,AZD4877,SN1055467765,EG5,KIF11,Targeted,Mitosis,AZ,,,,,N,N
1706,AZD5153,"SN1045566955, AZD5153",BRD4,BRD4,Targeted,Chromatin other,AZ,,SCHEMBL17477281,,,N,N
1916,AZD5363,,"AKT1, AKT2, AKT3, ROCK2",AKT1;AKT2;AKT3;ROCK2,Targeted,"Other, kinases",GDSC,"25227436, 42602260",CHEMBL2325741,428.92,,Y,Y
1401,AZD5438,SN1057898678,CDK2,CDK2,Targeted,Cell cycle,AZ,,,,,N,N
1617,AZD5582,"GTPL7710, AOB5560","XIAP, cIAP",XIAP;BIRC2;BIRC3,Targeted,Apoptosis regulation,GDSC,49847690,CHEMBL3108827,1088.21,,Y,Y
1427,AZD5582,SN1021632995,IAP,BIRC2;BIRC3;XIAP,Targeted,Other,AZ,,,,,N,N
1720,AZD5991,"SN1049446612, AZD5991",MCL1,MCL1,Targeted,Apoptosis regulation,AZ,,SCHEMBL19472011,,,N,N
2235,AZD5991,SN1052418961,MCL1,MCL1,Targeted,Apoptosis regulation,AZ,,SCHEMBL19472011,,,N,N
1403,AZD6094,SN1042487586,c-MET,MET,Targeted,RTK signaling,AZ,,,,,N,N
156,AZD6482,"AZD 6482, AZD-6482, AK-55409",PI3Kbeta,PIK3CB,Targeted,PI3K/MTOR signaling,MGH,44137675,CHEMBL2165191,,,Y,Y
2243,AZD6738,SN1128693647,ATR,ATR,Targeted,Genome integrity,AZ,,CHEMBL3648328,,,N,N
1917,AZD6738,"AZD 6738, AZD-6738",ATR,ATR,Targeted,Genome integrity,GDSC,54761306,CHEMBL3648328,412.51,,Y,Y
1394,AZD6738,SN1034081770,ATR,ATR,Targeted,Genome integrity,AZ,,,,,N,N
1022,AZD7762,"AZD-7762, AZD 7762","CHEK1, CHEK2",CHEK1;CHEK2,Targeted,Cell cycle,GDSC,11152667,CHEMBL2041933,362.42,,Y,Y
1402,AZD7762,SN1031853762,"CHEK1, CHEK2",CHEK1;CHEK2,Targeted,Cell cycle,AZ,,,,,N,N
1426,AZD7969,SN1098976045,GSK-beta,GSK3B,Targeted,WNT signaling,AZ,,,,,N,N
1059,AZD8055,AZD-8055,"MTORC1, MTORC2",MTOR,Targeted,PI3K/MTOR signaling,GDSC,25262965,CHEMBL1801204,308.34,,Y,Y
1444,AZD8186,SN1028722848,PI3K delta (+beta),PIK3CD;PIK3CB,Targeted,PI3K/MTOR signaling,AZ,,,,,N,N
1918,AZD8186,"AZD 8186, AZD-8186","PI3Kalpha, PI3Kbeta",PIK3CA;PIK3CB,Targeted,PI3K/MTOR signaling,GDSC,52913813,CHEMBL3545424,457.47,,Y,Y
1445,AZD8835,SN1040214596,PI3Kalpha (+delta),PIK3CA;PIK3CD,Targeted,PI3K/MTOR signaling,AZ,,,,,N,N
2253,AZD8835,"AZD-8835, AZD 8835","PI3Kalpha, PI3Kbeta",PIK3CA;PIK3CB,Targeted,PI3K/MTOR signaling,GDSC,76685059,CHEMBL3894518,,,N,Y
1416,AZD8931,SN0216062465,"ERBB1, ERBB2, ERBB3 balanced",ERBB1;ERBB2;ERBB3,Targeted,RTK signaling,AZ,,,,,N,N
1410,AZD9291,SN1037057733,EGFR (T790M also),EGFR,Targeted,EGFR signaling,AZ,,,,,N,N
1957,Abemaciclib,"SN1053620393, Abemaciclib","CDK4, CDK6",CDK4;CDK6,Targeted,Cell cycle,AZ,,CHEMBL3301610,,,N,N
1633,Abemaciclib,"LY2835219, LY-2835219","CDK4, CDK6",CDK4;CDK6,Targeted,Cell cycle,GDSC,46220502,CHEMBL3301610,602.7,,N,Y
1032,Afatinib,"BIBW2992, Tovok, Gilotrif","ERBB2, EGFR",EGFR;ERBB2,Targeted,EGFR signaling,GDSC,10184653,CHEMBL1173655,485.94,2.6667,Y,Y
1912,Afuresertib,"GSK2110183, GSK2110183C","AKT1, AKT2, AKT3",AKT1;AKT2;AKT3,Targeted,PI3K/MTOR signaling,GDSC,46843057,CHEMBL2219422,427.32,,Y,Y
1051,Alisertib,MLN8237,AURKA,AURKA,Targeted,Mitosis,GDSC,24771867,CHEMBL483158,518.92,,Y,Y
1560,Alpelisib,"BYL719, BYL-719, NVP-BYL719",PI3Kalpha,PIK3CA,Targeted,PI3K/MTOR signaling,GDSC,56649450,CHEMBL2396661,441.47,4.0,Y,Y
293,Amuvatinib,"MP470, MP 470, MP-470","KIT, PDGFRA, FLT3",FLT3;KIT;PDGFRA,Targeted,RTK signaling,MGH,11282283,CHEMBL2103851,447.51,,Y,Y
1072,Avagacestat,"BMS-708163, BMS 708163","Amyloid beta20, Amyloid beta40",APP,Targeted,Other,GDSC,46883536,CHEMBL1090771,520.88,,Y,Y
1021,Axitinib,"AG-13736, Inlyta","PDGFR, KIT, VEGFR",FLT1;KIT;PDGFRA;PDGFRB,Targeted,RTK signaling,GDSC,6450551,CHEMBL1289926,386.47,,Y,Y
178,BAY-61-3606,"Syk Inhibitor, BAY-613606",SYK,SYK,Targeted,"Other, kinases",MGH,10200390,CHEMBL1190711,462.89,,Y,Y
1990,BCL6_7224,"SN1054831082, BCL6_7224",BCL6,BCL6,Targeted,Apoptosis regulation,AZ,,,,,N,N
1987,BCLXL_3202,"SN1043962935, Abbvie",BCLXL,BCL2L1,Targeted,Apoptosis regulation,AZ,,,,,N,N
1086,BI-2536,,"PLK1, PLK2, PLK3",PLK1;PLK2;PLK3,Targeted,Cell cycle,GDSC,11364421,CHEMBL513909,521.66,,Y,Y
2043,BIBR-1532,,TERT,TERT,Targeted,Genome integrity,GDSC,9927531,CHEMBL27323,,,Y,Y
2327,BIX-02188,BIX-02188,MEK5,MAP2K5,Targeted,ERK MAPK signaling,GDSC,None,None,,,N,Y
279,BIX02189,BIX 02189,"MEK5, ERK5",MAP2K5;MAPK7,Targeted,ERK MAPK signaling,MGH,46931012,CHEMBL2381342,440.54,,Y,Y
1249,BMS-345541,,"IKK-1, IKK-2",CHUK;IKBKB,Targeted,Other,GDSC,9926054,CHEMBL249697,255.32,,Y,Y
203,BMS-345541,"BMS345541, IKK Inhibitor 3","IKK1, IKK2",CHUK;IKBKB,Targeted,"Other, kinases",MGH,9813758,CHEMBL249697,,,Y,Y
1091,BMS-536924,BMS 536924,"IGF1R, IR",IGF1R;INSR,Targeted,IGF1R signaling,GDSC,10390396,CHEMBL401930,479.96,,Y,Y
2171,BMS-754807,BMS-754807,"IGF1R, IR",IGF1R;INSR,Targeted,IGF1R signaling,GDSC,,CHEMBL575448,461.49,,Y,Y
184,BMS-754807,"BMS754807, BMS 754807","IGF1R, IR",IGF1R;INSR,Targeted,RTK signaling,MGH,24785538,CHEMBL575448,461.51,,Y,Y
2304,BMS-911543,BMS-911543,JAK2,JAK2,Targeted,"Other, kinases",GDSC,None,CHEMBL3545215,,,N,Y
2317,BMX-IN-1,BMX-IN-1,BMX,BMX,Targeted,"Other, kinases",GDSC,None,None,,,N,Y
1425,BPTES,SN1041594574,,GLS,,Other,AZ,,,,,N,N
1975,BVD523,"SN1050750275, BVD523","ERK1, ERK2",MAPK1;MAPK3,Targeted,ERK MAPK signaling,AZ,,SCHEMBL14211774,,,N,N
222,BX-912,,PDK1 (PDPK1),PDPK1,Targeted,Metabolism,MGH,11754511,CHEMBL3916849,,,Y,Y
1037,BX795,BX-795,"TBK1, PDK1 (PDPK1), IKK, AURKB, AURKC",AURKB;AURKC;IKBKE;PDPK1;TBK1,Targeted,"Other, kinases",GDSC,10077147,CHEMBL577784,591.47,,Y,Y
274,Belinostat,"PXD101, PXD-101",HDAC1,HDAC1,Targeted,Chromatin histone acetylation,MGH,6918638,CHEMBL408513,318.35,,Y,Y
186,Bexarotene,"LG-100069, Targretin, Targret, Targrexin, Targretyn, Bexarotenum",Retinioic X receptor (RXR) agonist,,Targeted,Other,MGH,82146,CHEMBL1023,348.8,,Y,Y
190,Bleomycin,,dsDNA break induction,,Chemotherapeutic,DNA replication,MGH,several,CHEMBL403664,1512.62,,Y,Y
1392,Bleomycin (10 uM),,dsDNA break induction,,Chemotherapeutic,DNA replication,AZ,,CHEMBL403664,,,N,N
1378,Bleomycin (50 uM),,dsDNA break induction,,Chemotherapeutic,DNA replication,GDSC,5460769,CHEMBL403664,1512.62,,Y,Y
1191,Bortezomib,"PS-341, LDP-341, Velcade",Proteasome,,Chemotherapeutic,Protein stability and degradation,GDSC,387447,CHEMBL325041,384.2,,Y,Y
1019,Bosutinib,"SKI-606, Bosulif","SRC, ABL, TEC",ABL1;SRC;TEC,Targeted,"Other, kinases",GDSC,5328940,CHEMBL288441,530.45,,Y,Y
2014,Brigatinib,"SN1038162624, Brigatinib",EGFR,EGFR;ALK;ROS1;FLT3,Targeted,EGFR signaling,AZ,,CHEMBL3545311,,,N,N
1873,Buparlisib,"BKM120, NVP-BKM120","PI3Kalpha, PI3Kdelta, PI3Kbeta, PI3Kgamma",PIK3CA;PIK3CB;PIK3CD;PIK3CG,Targeted,PI3K/MTOR signaling,GDSC,"66577015, 16654980",CHEMBL2017974,410.39,,Y,Y
2466,CA3,None,YAP1,YAP1,Targeted,Other,GDSC,None,None,489.61,,N,Y
276,CAY10603,,"HDAC1, HDAC6",HDAC1;HDAC6,Targeted,Chromatin histone acetylation,MGH,24951314,CHEMBL511749,446.5,,Y,Y
1964,CB-839,"SN1053734410, CB-839",GLS,GLS,Targeted,Other,AZ,,CHEMBL3639788,,,N,N
1170,CCT-018159,"CCT018159, CCT 018159",HSP90,HSP90AA1;HSP90AB1,Targeted,Protein stability and degradation,GDSC,5327091,CHEMBL399530,352.4,,Y,Y
2324,CCT244747,CCT244747,CHEK1,CHEK1,Targeted,Cell cycle,GDSC,None,CHEMBL2203843,,,N,Y
2281,CCT251545,CCT251545,"CDK8, CDK19",CDK8;CDK19,Targeted,Cell cycle,GDSC,None,None,421.9,,N,Y
2027,CDK12_1992,"SN1057762450, CDK12_1992",CDK12,CDK12,Targeted,Cell cycle,AZ,,,,,N,N
2081,CDK12_2242,"SN1058405895, CDK12_2242",CDK12,CDK12,Targeted,Cell cycle,AZ,,,,,N,N
2079,CDK12_5078,"SN1059070515, CDK12_5078",CDK12,CDK12,Targeted,Cell cycle,AZ,,,,,N,N
2013,CDK12_8969,"SN1058062420, CDK12_8969",CDK12,CDK12,Targeted,Cell cycle,AZ,,,,,N,N
2077,CDK7_8454,"SN1048123378, CDK7_8454",CDK7,CDK7,Targeted,Cell cycle,AZ,,,,,N,N
1709,CDK9_5038,"SN1047483750, CDK9_5038",CDK9,CDK9,Targeted,Cell cycle,AZ,,,,,N,N
1708,CDK9_5576,"SN1047226266, CDK9_5576",CDK9,CDK9,Targeted,Cell cycle,AZ,,,,,N,N
2283,CGI1746,CGI1746,BTK,BTK,Targeted,"Other, kinases",GDSC,None,None,579.69,,N,Y
154,CHIR-99021,"CT 99021, CHIR99021, CHIR 99021","GSK3A, GSK3B",GSK3A;GSK3B,Targeted,WNT signaling,MGH,9956119,CHEMBL412142,,,Y,Y
1015,CI-1040,"CI 1040, PD-18435, PD-184352, 212631-79-3","MEK1, MEK2",MAP2K1;MAP2K2,Targeted,ERK MAPK signaling,GDSC,6918454,CHEMBL105442,478.67,,Y,Y
2271,CP-724714,CP-724714,ERBB2,ERBB2,Targeted,EGFR signaling,GDSC,None,CHEMBL483321,469.53,,N,Y
152,CP466722,"CP-466722, CP 466722, 1080622-86-1",ATM,ATM,Targeted,Genome integrity,MGH,44551660,CHEMBL2143829,349.35,,Y,Y
2273,CPI-360,CPI-360,EZH2,EZH2,Targeted,Chromatin histone methylation,GDSC,None,None,437.53,,N,Y
273,CUDC-101,CUDC 101,"HDAC1-10, EGFR, ERBB2",EGFR;ERBB2;HDAC1;HDAC10;HDAC2;HDAC3;HDAC4;HDAC5;HDAC6;HDAC7;HDAC8;HDAC9,Targeted,Other,MGH,24756910,CHEMBL598797,434.49,,Y,Y
300,CX-5461,"CX5461, CX 5461",RNA Polymerase 1,POLA1,Targeted,Other,MGH,25257557,SCHEMBL12254622,513.61,,Y,Y
249,Cabozantinib,"BMS-907351, XL-184, Cometriq","VEGFR, MET, RET, KIT, FLT1, FLT3, FLT4, TIE2,AXL",AXL;FLT1;FLT3;FLT4;KIT;MET;RET;TEK,Targeted,RTK signaling,MGH,25102847,CHEMBL2105717,501.51,,Y,Y
1003,Camptothecin,"Camptothecine, (+)-Camptothecin",TOP1,TOP1,Targeted,DNA replication,GDSC,24360,CHEMBL65,348.35,,Y,Y
1136,Capivasertib,AZ5363,AKT,AKT1;AKT2;AKT3,Targeted,PI3K/MTOR signaling,AZ,,,429.0,,N,N
2093,Capivasertib,"SN1015912311, AZD5363",AKT,AKT1;AKT2;AKT3,Targeted,PI3K/MTOR signaling,AZ,,CHEMBL2325741,,,N,N
2103,Capmatinib,"INCB28060, INCB-28060, NVP-INC280, INC-280",MET,MET,Targeted,RTK signaling,GDSC,25145656,CHEMBL3188267,,,N,Y
1922,Cediranib,"AZD2171, AZD 2171, AZD-2171, Recentin","VEGFR, FLT1, FLT2, FLT3, FLT4, KIT, PDGFRB",FGFR1;FLT1;FLT3;FLT4;KIT;PDGFRB,Targeted,RTK signaling,GDSC,9933475,CHEMBL491473,450.51,,Y,Y
1851,Ceritinib,"LDK378, Zykadia",ALK,ALK,Targeted,RTK signaling,GDSC,"57379345, 67973512",CHEMBL2403108,558.14,,N,Y
1114,Cetuximab,"Erbitux, IMC-C225, C225, IMC-225, L01XC06",EGFR,EGFR,Targeted,EGFR signaling,GDSC,85668777,CHEMBL1201577,152.0,,Y,Y
1496,Cisplatin,Cisplatin,DNA crosslinker,BCHE;CYP2B6;CYP2C9,Chemotherapeutic,DNA replication,AZ,,CHEMBL11359,,,N,N
1005,Cisplatin,"cis-Diammineplatinum(II) dichloride, Platinol, CIS-DDP",DNA crosslinker,BCHE;CYP2B6;CYP2C9,Chemotherapeutic,DNA replication,GDSC,84691,CHEMBL11359,300.05,,Y,Y
1083,Crizotinib,"Xalkori, PF2341066, PF-2341066, PF 2341066","MET, ALK, ROS1",ALK;MET;ROS1,Targeted,RTK signaling,GDSC,11626560,CHEMBL601719,450.34,,Y,Y
1516,Cymarine,"Alvonal MR, Stropheantin K, Tsimarin, Zimarin",sodium-potassium pumps,,Targeted,Other,GDSC,10504,none,,,N,Y
1006,Cytarabine,"Ara-Cytidine, Arabinosyl Cytosine, U-19920",Antimetabolite,POLB,Chemotherapeutic,Other,GDSC,6253,CHEMBL803,243.22,,Y,Y
165,DMOG,Dimethyloxalylglcine,HIF-PH,EGLN1;EGLN2;EGLN3,Targeted,Metabolism,MGH,560326,CHEMBL92309,175.14,,Y,Y
1373,Dabrafenib,"GSK2118436, Tafinlar",BRAF,BRAF,Targeted,ERK MAPK signaling,GDSC,44462760,CHEMBL2028663,519.56,,Y,Y
200,Dacinostat,"NVP-LAQ824, LAQ824",HDAC1,HDAC1,Targeted,Chromatin histone acetylation,MGH,6445533,CHEMBL356066,379.46,,Y,Y
1911,Dactinomycin,"Actinomycin D, Cosmegen, Lyovac, Meractinomycin, Ac-De, ActD",RNA polymerase,,Targeted,Other,GDSC,several,CHEMBL1554,1255.42,,Y,Y
1057,Dactolisib,"NVP-BEZ235, BEZ235","PI3K (class 1), MTORC1, MTORC2",PIK3CA;PIK3CB;PIK3CD;PIK3CG;MTOR,Targeted,PI3K/MTOR signaling,GDSC,11977753,CHEMBL1879463,469.55,,Y,Y
2162,Danusertib,"PHA-739358, PHA739358, PHA 739358","AURKA, AURKB, AURKC, ABL, RET, FGFR1, NTRK1",AURKA;AURKB;AURKC;ABL1;RET;FGFR1;NTRK1,Targeted,Other,GDSC,11442891,CHEMBL402548,,,N,Y
1248,Daporinad,"APO866,  FK866, FK866",NAMPT,NAMPT,Targeted,Metabolism,GDSC,6914657,CHEMBL566757,391.51,,Y,Y
1079,Dasatinib,"BMS-354825-03, BMS-354825, Sprycel","ABL, SRC, Ephrins, PDGFR, KIT",ABL1;KIT;PDGFRA;PDGFRB;SRC,Targeted,"Other, kinases",GDSC,3062316,CHEMBL1421,488.01,,Y,Y
2042,Deltarasin,,KRAS,KRAS;PDE6D,Targeted,ERK MAPK signaling,GDSC,73292904,CHEMBL3286929,,,N,Y
1180,Dinaciclib,"SCH727965, SCH 727965, SCH-727-965, MK-7965","CDK1, CDK2, CDK5, CDK9",CDK1;CDK2;CDK5;CDK9,Targeted,Cell cycle,GDSC,46926350,CHEMBL2103840,,,Y,Y
1007,Docetaxel,"RP-56976, Taxotere",Microtubule stabiliser,,Chemotherapeutic,Mitosis,GDSC,148124,CHEMBL92,807.88,,Y,Y
1386,Doxorubicin,,Anthracycline,TOP2A,Chemotherapeutic,DNA replication,AZ,,CHEMBL53463,,,N,N
133,Doxorubicin,"Doxil, Rubex, Adriamycin, Adriablastin, Doxorubicine",Anthracycline,TOP2A,Chemotherapeutic,DNA replication,MGH,31703,CHEMBL53463,543.52,,Y,Y
1407,Dyrk1b_0191,SN1008982787,Dyrk1b,DYRK1B,Targeted,"Other, kinases",AZ,,,,,N,N
2021,EGF816,"SN1126862254, EGF816",EGFR (T790M),EGFR,Targeted,EGFR signaling,AZ,,CHEMBL3787344,,,N,N
1411,EGFRM_5104,SN1041137233,EGFR (T790M also),EGFR,Targeted,EGFR signaling,AZ,,,,,N,N
2074,EGFR_0300,"SN1057622559, EGFR_Astellas",EGFRm,EGFR,Targeted,EGFR signaling,AZ,,,,,N,N
2016,EGFR_5383,"SN1050677145, EGFR_genetech",EGFR,EGFR,Targeted,EGFR signaling,AZ,,,,,N,N
2090,EGFR_7518,"SN1058984278, EGFR_ACEA",EGFRm,EGFR,Targeted,EGFR signaling,AZ,,,,,N,N
2075,EGFR_8897,"SN1058929124, EGFR_Ariad",EGFRm,EGFR,Targeted,EGFR signaling,AZ,,,,,N,N
1069,EHT-1864,EHT 1864,"RAC1, RAC2, RAC3",RAC1;RAC2;RAC3,Targeted,Cytoskeleton,GDSC,9938202,CHEMBL1186585,581.47,,Y,Y
1713,ERK_2440,"SN1051032892, ERK_2440","ERK1,ERK2",MAPK1;MAPK3,Targeted,ERK MAPK signaling,AZ,,,,,N,N
1968,ERK_5051,"SN1056275768, ERK_5051","ERK1, ERK2",MAPK1;MAPK3,Targeted,ERK MAPK signaling,AZ,,,,,N,N
2076,ERK_5330,"SN1059288617, ERK_Celgene","ERK1, ERK2",MAPK1;MAPK3,Targeted,ERK MAPK signaling,AZ,,,,,N,N
1970,ERK_6197,"SN1123910240, ERK_6197","ERK1, ERK2",MAPK1;MAPK3,Targeted,ERK MAPK signaling,AZ,,,,,N,N
1714,ERK_6604,"SN1047587618, ERK_6604","ERK1,ERK2",MAPK1;MAPK3,Targeted,ERK MAPK signaling,AZ,,,,,N,N
1712,Eg5_9814,"SN1047613775, Eg5_9814",KSP11,KIF11,Targeted,Other,AZ,,,,,N,N
1031,Elesclomol,STA-4783,HSP90,HSP90AA1;HSP90AB1,Targeted,Protein stability and degradation,GDSC,300471,CHEMBL1972860,400.5,,Y,Y
172,Embelin,"Emberine, Embelic acid",XIAP,XIAP,Targeted,Apoptosis regulation,MGH,3218,CHEMBL221137,294.39,,Y,Y
1593,Entinostat,MS-275,"HDAC1, HDAC3",HDAC1;HDAC3,Targeted,Chromatin histone acetylation,GDSC,4261,CHEMBL27759,376.41,,Y,Y
1630,Entospletinib,GS-9973,SYK,SYK,Targeted,"Other, kinases",GDSC,59473233,CHEMBL3265032,411.46,,Y,Y
2166,Entrectinib,"RXDX-101, NMS-E628","ALK, ROS, NTRK1, NTRK2, NTRK3",ALK;ROS;NTRK1;NTRK2;NTRK3,Targeted,RTK signaling,GDSC,25141092,CHEMBL1983268,560.64,,N,Y
229,Enzastaurin,LY317615,PKCB,PRKCB,Targeted,"Other, kinases",MGH,176167,CHEMBL300138,515.23,,Y,Y
1413,EphB4_9721,SN1076287848,EPHB4,EPHB4,Targeted,RTK signaling,AZ,,,,,N,N
1511,Epirubicin,"Ellence, Farmorubicin, IMI-28",Anthracycline,TOP2A,Targeted,DNA replication,GDSC,41867,CHEMBL417,579.98,,Y,Y
201,Epothilone B,"Patupilone, EpoB, EPO906, GNF-PF-193",Microtubule stabiliser,TUBB4B,Chemotherapeutic,Mitosis,MGH,448013,CHEMBL94657,507.68,,Y,Y
1168,Erlotinib,"Tarceva, RG-1415, CP-358774, OSI-774, Ro-508231, R-1415",EGFR,EGFR,Targeted,EGFR signaling,GDSC,176870,CHEMBL553,393.44,,Y,Y
134,Etoposide,"Etopophos, Vepesid, Eposin, VP-16",TOP2,TOP2A,Chemotherapeutic,DNA replication,MGH,36462,CHEMBL44657,588.56,,Y,Y
1419,FEN1_3940,SN1106019609,FEN1,FEN1,Targeted,Genome integrity,AZ,,,,,N,N
1421,FGFR_0939,SN1043317881,FGFR (most potent),FGFR4,Targeted,RTK signaling,AZ,,,,,N,N
1422,FGFR_3831,SN1037992934,pan-FGFR,FGFR1;FGFR2;FGFR3;FGFR4,Targeted,RTK signaling,AZ,,,,,N,N
173,FH535,,"PPARgamma, PPARdelta",PPARD;PPARG,Targeted,Other,MGH,3463933,CHEMBL2363137,361.2,,Y,Y
231,FMK,KIN001-242,RSK,RPS6KA2,Targeted,"Other, kinases",MGH,none,none,,,Y,Y
166,FTI-277,,Farnesyl-transferase (FNTA),FNTA,Targeted,Other,MGH,3005532,CHEMBL135561,447.61,,Y,Y
306,Fedratinib,"TG101348, TG-101348, SAR302503, SAR-302503",JAK2,JAK2,Targeted,"Other, kinases",MGH,16722836,CHEMBL1287853,524.68,,Y,Y
2163,Fenretinide,"Retinoic acid p-hydroxyanilide, 4-HPR, MCN R 1967, MCNR1967",Induces reactive oxygen species,,Chemotherapeutic,Other,GDSC,5288209,CHEMBL7301,,,N,Y
2306,Filgotinib,Filgotinib,JAK1,JAK1,Targeted,"Other, kinases",GDSC,None,CHEMBL3301607,,,N,Y
308,Foretinib,"GSK1363089, XL-880, EXEL-2880, GSK089","MET, KDR, TIE2, VEGFR3/FLT4, RON, PDGFR, FGFR1, EGFR",MET;KDR;TIE2;FLT4;RON;PDGFR;FGFR1;EGFR;MST1R,Targeted,RTK signaling,MGH,42642645,CHEMBL1230609,632.65,,Y,Y
2040,Foretinib,"GSK1363089, XL-880, EXEL-2880, GSK089","MET, KDR, TIE2, VEGFR3/FLT4, RON, PDGFR, FGFR1, EGFR",EGFR;FGFR1;FLT4;KDR;MET;MST1R;PDGFRA;PDGFRB;ROS1;TEK,Targeted,RTK signaling,GDSC,42642645,CHEMBL1230609,632.65,,Y,Y
1414,Fulvestrant,SN0117217688,ER antagonist,ESR1,Targeted,Hormone-related,AZ,,,,,N,N
2303,G-5555,G-5555,None,PAK1,Targeted,"Other, kinases",GDSC,None,None,492.96,,N,Y
2296,GDC-0879,GDC-0879,BRAF (V600E),BRAF,Targeted,ERK MAPK signaling,GDSC,None,CHEMBL525191,,,N,Y
1926,GNE-317,"GNE317, GNE 317",PI3Kalpha,PIK3CA;PIK3CB;PIK3CD;PIK3CG,Targeted,PI3K/MTOR signaling,GDSC,70676303,CHEMBL2178608,414.48,,Y,Y
226,GSK1070916,GSK-1070916,"AURKA, AURKC",AURKA;AURKC,Targeted,Mitosis,MGH,46885626,CHEMBL1090479,507.63,,Y,Y
2041,GSK126,,EZH2,EZH2,Targeted,Chromatin histone methylation,GDSC,68210102,CHEMBL3287735,,,N,Y
2254,GSK2292767,None,PI3Kdelta,PIK3CD,Targeted,PI3K/MTOR signaling,GDSC,none,none,,,N,Y
1618,GSK2606414,AK175551,PERK,EIF2AK3,Targeted,Metabolism,GDSC,53469448,CHEMBL2171124,451.44,,Y,Y
1192,GSK269962A,GSK 269962A,"ROCK1, ROCK2",ROCK1;ROCK2,Targeted,Cytoskeleton,GDSC,16095342,CHEMBL220241,570.6,,Y,Y
230,GSK429286A,,"ROCK1, ROCK2",ROCK1;ROCK2,Targeted,Cytoskeleton,MGH,11373846,CHEMBL375312,,,Y,Y
177,GSK650394,"GSK-650394, GSK 650394","SGK2, SGK3",SGK2;SGK3,Targeted,"Other, kinases",MGH,25022668,CHEMBL558642,382.45,,Y,Y
326,GSK690693,"GSK 690693, GSK-690693","AKT1, AKT2, AKT3",AKT1;AKT2;AKT3,Targeted,PI3K/MTOR signaling,MGH,16725726,CHEMBL494089,425.48,,Y,Y
1023,GW441756,GW 441756,NTRK1,NTRK1,Targeted,RTK signaling,GDSC,9943465,CHEMBL176544,275.3,,Y,Y
1010,Gefitinib,"ZD-1839, Iressa",EGFR,EGFR,Targeted,EGFR signaling,GDSC,123631,CHEMBL939,446.9,,Y,Y
1190,Gemcitabine,"Gemzar, LY-188011",Pyrimidine antimetabolite,,Chemotherapeutic,DNA replication,GDSC,60750,CHEMBL888,263.2,,Y,Y
135,Gemcitabine,"Gemzar, LY-188011",Pyrimidine antimetabolite,,Chemotherapeutic,DNA replication,MGH,60750,CHEMBL888,263.2,,Y,Y
1393,Gemcitabine,,Pyrimidine antimetabolite,,Chemotherapeutic,DNA replication,AZ,,CHEMBL888,,,N,N
225,Genentech Cpd 10,,"AURKA, AURKB",AURKA;AURKB,Targeted,Mitosis,MGH,none,none,588.07,,Y,Y
2325,HG-9-91-01,HG-9-91-01,"SIK1, SIK2, SIK3",SIK1;SIK2;SIK3,Targeted,"Other, kinases",GDSC,None,None,,,N,Y
159,HG6-64-1,KIN001-206,BRAF,BRAF,Targeted,ERK MAPK signaling,MGH,53302361,"SCHEMBL2284510, SCHEMBL2284518",,,Y,Y
275,I-BET-762,GSK525762A,"BRD2, BRD3, BRD4",BRD2;BRD3;BRD4,Targeted,Chromatin other,MGH,46943432,CHEMBL1232461,423.9,,Y,Y
1624,I-BET-762,GSK525762A,"BRD2, BRD3, BRD4",BRD2;BRD3;BRD4,Targeted,Chromatin other,GDSC,46943432,CHEMBL1232461,423.9,,Y,Y
2152,I-BET151,GSK1210151A,"BRD2, BRD3, BRD4",BRD2;BRD3;BRD4,Targeted,Chromatin other,GDSC,52912189,CHEMBL2017291,415.44,2.6667,N,Y
1928,I-BRD9,"GSK602, GSK 602, GSK-602",BRD9,BRD9,Targeted,Chromatin other,GDSC,91668541,CHEMBL1075788,497.55,3.0,Y,Y
1428,IAP_5620,SN1043546339,IAP,BIRC2;BIRC3;XIAP,Targeted,Other,AZ,,,,,N,N
1429,IAP_7638,SN1043547481,IAP,BIRC2;BIRC3;XIAP,Targeted,Other,AZ,,,,,N,N
1738,IGF1R_3801,"SN1051640224, IGF1R_3801",IGFR1,IGF1R,Targeted,IGF1R signaling,AZ,,,,,N,N
1430,IGFR_3801,SN1056768819,IGFR1,IGF1R,Targeted,IGF1R signaling,AZ,,,,,N,N
176,IPA-3,IPA 3,PAK1,PAK1,Targeted,Cytoskeleton,MGH,521106,CHEMBL472940,350.45,,Y,Y
1980,IRAK4_1495,"SN1050573206, IRAK4_1495",IRAK4,IRAK4,Targeted,"Other, kinases",AZ,,,,,N,N
1716,IRAK4_4710,"SN1050852374, IRAK4_4710",IRAK4,IRAK4,Targeted,"Other, kinases",AZ,,,,,N,N
1986,IRAK4_8366,"SN1055456037, IRAK4_8366",IRAK4,IRAK4,Targeted,"Other, kinases",AZ,,,,,N,N
1991,Ibrutinib,"SN1042219647, Ibrutinib",BTK,BTK,Targeted,"Other, kinases",AZ,,CHEMBL1873475,,,N,N
1799,Ibrutinib,"PCI-32765, CRA-032765, PCI-32765-00",BTK,BTK,Targeted,"Other, kinases",GDSC,24821094,CHEMBL1873475,440.5,,Y,Y
1794,Idelalisib,"CAL-101, Zydelig",PI3Kdelta,PIK3CD,Targeted,PI3K/MTOR signaling,GDSC,11625818,CHEMBL2216870,415.42,,N,Y
238,Idelalisib,"CAL-101, Zydelig",PI3Kdelta,PIK3CD,Targeted,PI3K/MTOR signaling,MGH,11625818,CHEMBL2216870,,,Y,Y
1924,Ipatasertib,"GDC0068, GDC 0068, GDC-0068","AKT1, AKT, AKT3",AKT1;AKT3,Targeted,PI3K/MTOR signaling,GDSC,24788740,CHEMBL2177390,458.0,,Y,Y
1088,Irinotecan,"Camptosar, (+)-Irinotecan, Irinotecanum, irinotecan hydrochloride",TOP1,TOP1,Chemotherapeutic,DNA replication,GDSC,60838,CHEMBL481,677.18,,Y,Y
208,Ispinesib Mesylate,SB-715992,KSP,CDH16,Targeted,Mitosis,MGH,6450816,CHEMBL228814,517.06,,Y,Y
1433,JAK1_3715,SN1042605297,JAK1,JAK1,Targeted,"Other, kinases",AZ,,,,,N,N
1718,JAK1_8709,"SN1049200060, JAK1_8709",JAK1,JAK1,Targeted,"Other, kinases",AZ,,,,,N,N
1434,JAK3_7406,SN1014281280,JAK3 irreversible,JAK3,Targeted,"Other, kinases",AZ,,,,,N,N
1739,JAK_8517,"SN1066590414, JAK_8517","JAK1, JAK2",JAK1;JAK2,Targeted,"Other, kinases",AZ,,,,,N,N
157,JNK-9L,"KIN001-204, JNK inhibitor 9l","JNK2, JNK3",MAPK10;MAPK9,Targeted,JNK and p38 signaling,MGH,25222038,CHEMBL585951,501.2,,Y,Y
2300,JNK-IN-8,JNK-IN-8,"JNK, JNK2, JNK3",MAPK8;MAPK9;MAPK10,Targeted,JNK and p38 signaling,GDSC,None,None,,,N,Y
163,JQ1,"JQ-1, (+)-JQ-1","BRD2, BRD3, BRD4, BRDT",BRD2;BRD3;BRD4;BRDT,Targeted,Chromatin other,MGH,46907787,CHEMBL1957266,,,Y,Y
2172,JQ1,"JQ-1, (+)-JQ-1","BRD2, BRD3, BRD4, BRDT",BRD2;BRD3;BRD4;BRDT,Targeted,Chromatin other,GDSC,46907787,CHEMBL1957266,456.99,,Y,Y
164,JQ12,,"HDAC1, HDAC2",HDAC1;HDAC2,Targeted,Chromatin histone acetylation,MGH,none,none,,,Y,Y
2024,KIT_5808,"SN1055169023, KIT_5808",KIT,KIT,Targeted,RTK signaling,AZ,,,,,N,N
1966,KIT_6754,"SN1051747245, KIT_6754",KIT,KIT,Targeted,RTK signaling,AZ,,,,,N,N
2026,KIT_7208,"SN1056270970, KIT_7208",KIT,KIT,Targeted,RTK signaling,AZ,,,,,N,N
1855,KRAS (G12C) Inhibitor-12,GTPL8020,KRAS (G12C),KRAS,Targeted,ERK MAPK signaling,GDSC,73555129,None,513.78,,Y,Y
1973,KRASi,"SN1056474795, KRAS_0488, KRAS_0488 shokat patent",KRAS,KRAS,Targeted,ERK MAPK signaling,AZ,,,,,N,N
1030,KU-55933,KU55933,ATM,ATM,Targeted,Genome integrity,GDSC,5278396,CHEMBL222102,395.49,,Y,Y
1185,KU-60019,,ATM,ATM,Targeted,Genome integrity,AZ,,CHEMBL2140173,547.67,2.0,N,N
1557,LCL161,,"XIAP, IAP1, IAP2",XIAP;BIRC2;BIRC3,Targeted,Apoptosis regulation,GDSC,24737642,CHEMBL2431768,500.63,,Y,Y
1598,LGK974,LGK-974,PORCN,PORCN,Targeted,WNT signaling,GDSC,46926973,CHEMBL3188386,396.44,,Y,Y
2258,LLY-507,None,SMYD2,SMYD2,Targeted,Chromatin histone methylation,GDSC,91623361,CHEMBL3414623,,2.0,N,Y
2063,LTT462,"SN1057891390, ERK_Novartis","ERK1, ERK2",MAPK1;MAPK3,Targeted,ERK MAPK signaling,AZ,,,,,N,N
1944,LY2584702,"SN1125566805, LY2584702",p70S6K,RPS6KB1,Targeted,RTK signaling,AZ,,CHEMBL3545076,,,N,N
1558,Lapatinib,"Tykerb, Tyverb","ERBB2, EGFR",EGFR;ERBB2,Targeted,EGFR signaling,GDSC,208908,CHEMBL554,581.06,,Y,Y
1578,Leflunomide,"Sulol, SU-101, HWA-486, Arava",Pyrimidine synthesis inhibitor,DHODH,Chemotherapeutic,DNA replication,GDSC,3899,CHEMBL960,270.21,,Y,Y
1024,Lestaurtinib,"CEP-701, SP-924, SPM-924, A-154475, KT-555","FLT3, JAK2, NTRK1, NTRK2, NTRK3",FLT3;JAK2;NTRK1;NTRK2;NTRK3,Targeted,"Other, kinases",GDSC,126565,CHEMBL603469,439.46,,Y,Y
277,Linifanib,"ABT-869, ABT 869","VEGFR1, VEGFR2, VEGFR3, CSF1R, FLT3, KIT",CSF1R;FLT1;FLT3;FLT4;KDR;KIT,Targeted,RTK signaling,MGH,11485656,CHEMBL223360,375.4,,Y,Y
1510,Linsitinib,"OSI-906, ASP-7487",IGF1R,IGF1R;INSR,Targeted,IGF1R signaling,GDSC,11640390,CHEMBL1091644,421.49,,Y,Y
185,Linsitinib,"OSI-906, ASP-7487",IGF1R,IGF1R;INSR,Targeted,IGF1R signaling,MGH,11640390,CHEMBL1091644,421.49,,Y,Y
194,Luminespib,"AUY922, VER-52296,NVP-AUY922,  AUY",HSP90,HSP90AA1;HSP90AB1,Targeted,Protein stability and degradation,MGH,10096043,CHEMBL252164,465.54,,Y,Y
1559,Luminespib,"AUY922, VER-52296,NVP-AUY922,  AUY",HSP90,HSP90AA1;HSP90AB1,Targeted,Protein stability and degradation,GDSC,10096043,CHEMBL252164,465.54,,Y,Y
1956,MCL1_1284,"SN1054857810, MCL1_1284",MCL1,MCL1,Targeted,Apoptosis regulation,AZ,,,,,N,N
2354,MCL1_8070,SN1060905324,Mcl-1,MCL1,Targeted,Apoptosis regulation,AZ,None,None,,,N,N
1436,MCT1_6447,SN0177231247,MCT1,SLC16A1,Targeted,Cell cycle,AZ,,,,,N,N
1437,MCT4_1422,SN1043999849,MCT4,SLC16A3,Targeted,Other,AZ,,,,,N,N
1946,MIK-665 / S-64315,"SN1055540934, MCL1_Servier",MCL1,MCL1,Targeted,Apoptosis regulation,AZ,,,,,N,N
1996,MIM1,"MIM 1, MIM-1",MCL1,MCL1,Targeted,Apoptosis regulation,GDSC,16241412,CHEMBL3265288,347.43,,Y,Y
1179,MK-1775,AZD1775,"WEE1, PLK1",WEE1;PLK1,Targeted,Cell cycle,GDSC,24856436,CHEMBL1976040,500.6,,Y,Y
1053,MK-2206,"MK 2206, MK2206","AKT1, AKT2",AKT1;AKT2,Targeted,PI3K/MTOR signaling,GDSC,46930998,CHEMBL1079175,480.39,,Y,Y
2272,MK-5108,MK-5108,AURKA,AURKA,Targeted,Mitosis,GDSC,None,CHEMBL3182444,461.94,,N,Y
2046,MK-8776,SCH900776,"CHEK1, CHEK2, CDK2",CDK2;CHEK1;CHEK2,Targeted,Cell cycle,GDSC,16224745,CHEMBL2386889,,,Y,Y
2284,MS023,MS023,"PRMT1, PRMT3, PRMT4, PRMT6, PRMT8",PRMT1;PRMT3;CARM1;PRMT6;PRMT8,Targeted,Chromatin histone methylation,GDSC,None,None,287.4,,N,Y
2291,MZ1,MZ1,BRD4,BRD4,Targeted,Chromatin other,GDSC,None,None,,,N,Y
292,Masitinib,"AB1010, Masivet","KIT, PDGFRA, PDGFRB",KIT;PDGFRA;PDGFRB,Targeted,RTK signaling,MGH,10074640,CHEMBL1908391,498.64,,Y,Y
2127,Mcl1_6386,SN1058990860,MCL1,MCL1,Targeted,Apoptosis regulation,AZ,,,,,N,N
2125,Mcl1_7350,SN1059218379,MCL1,MCL1,Targeted,Apoptosis regulation,AZ,,,,,N,N
2080,Menin_MLL_8687,"SN1053619072, Menin_MLL_8687",Menin-MLL,MEN1,Targeted,Other,AZ,,,,,N,N
2071,Menin_MLL_8690,"SN1053619086, Menin_MLL_8690",Menin-MLL,MEN1,Targeted,Other,AZ,,,,,N,N
1958,Merestinib,"SN1056839695, LY2801653",TAM Kinases,MET;MST1R,Targeted,RTK signaling,AZ,,CHEMBL3545307,,,N,N
1008,Methotrexate,"Abitrexate, Amethopterin, Rheumatrex, Trexall, Folex",Antimetabolite,DHFR,Chemotherapeutic,DNA replication,GDSC,126941,CHEMBL34259,454.44,,Y,Y
153,Midostaurin,"PKC412, benzoylstaurosporine, CGP-41251","PKC, PPK, FLT1, c-FGR, others",FGR;FLT1;PPK;PRKCA,Targeted,Other,MGH,several,CHEMBL608533,570.64,,Y,Y
1048,Mirin,,MRE11,MRE11,Targeted,Genome integrity,GDSC,none,CHEMBL570841,220.25,,Y,Y
136,Mitomycin-C,"Mytozytrex, NSC-26980, MMC, Mitosol, Mitozytrex",DNA crosslinker,,Chemotherapeutic,DNA replication,MGH,5746,CHEMBL105,334.33,,Y,Y
1029,Motesanib,"AMG-706, AMG 706, AMG706","VEGFR, RET, KIT, PDGFR",FLT1;KIT;PDGFRA;PDGFRB;RET,Targeted,RTK signaling,GDSC,11667893,CHEMBL572881,569.44,,Y,Y
269,NSC-207895,"XI-006, NSC207895",MDM4,MDM4,Targeted,p53 pathway,MGH,42640,CHEMBL1608727,279.25,,Y,Y
147,NSC-87877,NSC 87877,"SHP-1 (PTPN6), SHP-2 (PTPN11)",PTPN11;PTPN6,Targeted,Other,MGH,5459322,CHEMBL472004,459.45,,Y,Y
1038,NU7441,"KU-57788, NU-7432, NU-7741",DNAPK,PRKDC,Targeted,Genome integrity,GDSC,11327430,CHEMBL188678,413.49,,Y,Y
1932,NVP-ADW742,"NVP ADW742, NVPADW742",IGF1R,IGF1R,Targeted,IGF1R signaling,GDSC,9825149,CHEMBL399021,453.58,,Y,Y
1011,Navitoclax,"ABT-263, ABT263, ABT 263","BCL2, BCL-XL, BCL-W",BCL2;BCL2L1;BCL2L2,Targeted,Apoptosis regulation,GDSC,24978538,CHEMBL443684,974.31,,Y,Y
1013,Nilotinib,"Tasigna, AMN 107",ABL,ABL1,Targeted,ABL signaling,GDSC,644241,CHEMBL255863,529.52,,Y,Y
1177,Niraparib,"MK-4827, MK4827","PARP1, PARP2",PARP1;PARP2,Targeted,Genome integrity,GDSC,24958200,CHEMBL1094636,320.39,4.0,Y,Y
1047,Nutlin-3a (-),,MDM2,MDM2,Targeted,p53 pathway,GDSC,11433190,CHEMBL191334,581.49,,Y,Y
1853,OF-1,,"BRPF1B, BRPF2",BRD1;BRPF1B,Targeted,Chromatin histone acetylation,GDSC,35397514,CHEMBL3770173,440.31,,Y,Y
299,OSI-027,A-1065-5,"MTORC1, MTORC2",MTOR,Targeted,PI3K/MTOR signaling,MGH,44224160,CHEMBL3120215,442.9,,Y,Y
1594,OSI-027,A-1065-5,"MTORC1, MTORC2",MTOR,Targeted,PI3K/MTOR signaling,GDSC,44224160,CHEMBL3120215,406.44,,Y,Y
167,OSU-03012,"AR-12, OSU 03012, OSU03012, PDK1 inhibitor AR-12",PDK1 (PDPK1),PDPK1,Targeted,Metabolism,MGH,10027278,CHEMBL1650595,460.45,,Y,Y
1626,OTX015,"Birabresib, OTX-015, MK-8628","BRD2, BRD3, BRD4",BRD2;BRD3;BRD4,Targeted,Chromatin other,GDSC,9936746,CHEMBL3581647,491.99,,Y,Y
182,Obatoclax Mesylate,"GX15-070MS, Obatoclax, GX15-070","BCL2, BCL-XL, BCL-W, MCL1",BCL2;BCL2L1;BCL2L2;MCL1,Targeted,Apoptosis regulation,MGH,11404337,CHEMBL408194,413.49,,Y,Y
1068,Obatoclax Mesylate,"GX15-070MS, Obatoclax, GX15-070","BCL2, BCL-XL, BCL-W, MCL1",BCL2;BCL2L1;BCL2L2;MCL1,Targeted,Apoptosis regulation,GDSC,11404337,CHEMBL408194,413.49,,Y,Y
1017,Olaparib,"AZD2281, KU0059436,  Lynparza","PARP1, PARP2",PARP1;PARP2,Targeted,Genome integrity,GDSC,23725625,CHEMBL521686,434.46,4.0,Y,Y
2015,Olmutinib,"SN1055377198, HM61713",EGFR (T790M),EGFR,Targeted,EGFR signaling,AZ,,CHEMBL3786343,,,N,N
283,Omipalisib,"GSK2126458, GSK-2126458, EX-8678, GSK458","PI3K (class 1), MTORC1, MTORC2",PIK3CA;PIK3CB;PIK3CD;PIK3CG;MTOR,Targeted,PI3K/MTOR signaling,MGH,25167777,CHEMBL1236962,505.5,,Y,Y
1919,Osimertinib,"AZD9291, AZD 9291, AZD-9291, Tagrisso, Mereletinib",EGFR,EGFR,Targeted,EGFR signaling,GDSC,71496458,CHEMBL3353410,499.61,,Y,Y
1089,Oxaliplatin,Eloxatin,DNA alkylating agent,,Chemotherapeutic,DNA replication,GDSC,5310940,CHEMBL414804,397.29,,Y,Y
1933,P22077,"P 22077, P-22077","USP7, USP47",USP7;USP47,Targeted,Protein stability and degradation,GDSC,46931953,CHEMBL2159498,315.32,,Y,Y
1934,P5091,P005091,"USP7, USP47",USP7;USP47,Targeted,Protein stability and degradation,GDSC,2819993,CHEMBL2159495,348.22,,N,Y
175,PAC-1,GTPL5238,"Procaspase-3, Procaspase-7",CASP3;CASP7,Targeted,Apoptosis regulation,MGH,6753378,CHEMBL591429,392.5,,Y,Y
1730,PAK_5339,"SN1046290829, PAK_5339","PAK1, PAK2",PAK1;PAK2,Targeted,Cytoskeleton,AZ,,,,,N,N
1459,PARP_0108,SN1044053371,"PARP1, PARP2, PARP6",PARP1;PARP2;PARP6,Targeted,Genome integrity,AZ,,,,,N,N
1460,PARP_9482,SN1031920820,"PARP1, PARP2, PARP5a",PARP1;PARP2;PARP5A,Targeted,Genome integrity,AZ,,,,,N,N
1458,PARP_9495,SN1024601395,"PARP1, PARP2, PARP7",PARP1;PARP2;PARP7,Targeted,Genome integrity,AZ,,,,,N,N
1621,PCI-34051,AK298746,"HDAC8, HDAC6, HDAC1",HDAC1;HDAC6;HDAC8,Targeted,Chromatin histone acetylation,GDSC,24753719,CHEMBL2170177,296.32,,Y,Y
2108,PD0166285,"PD-166285, PD-0166285","WEE1, CHEK1, PKMYT1",WEE1;CHEK1;PKMYT1,Targeted,Cell cycle,GDSC,5311382,CHEMBL49120,512.43,,N,Y
1060,PD0325901,"PD-0325901, PD 0325901","MEK1, MEK2",MAP2K1;MAP2K2,Targeted,ERK MAPK signaling,GDSC,9826528,CHEMBL507361,482.19,,Y,Y
1049,PD173074,"PD-173074, PD 173074","FGFR1, FGFR3",FGFR1;FGFR3,Targeted,RTK signaling,GDSC,1401,CHEMBL189584,523.67,,Y,Y
2312,PDD00017273,PDD00017273,PARG,PARG,Targeted,Genome integrity,GDSC,None,None,,,N,Y
2022,PF-06747775,"SN1126908274, PF-06747775",EGFR (T790M),EGFR,Targeted,EGFR signaling,AZ,,CHEMBL3989970,,,N,N
2331,PF-3758309,PF-3758309,"PAK1, PAK4, PAK5, PAK6",PAK1;PAK4;PAK5;PAK6,Targeted,Cytoskeleton,GDSC,None,CHEMBL3128043,,,N,Y
1129,PF-4708671,"PF 4708671, PF4708671",S6K1,RPS6KB1,Targeted,PI3K/MTOR signaling,GDSC,51371303,CHEMBL2134202,390.41,,Y,Y
158,PF-562271,PF-00562271,"FAK, FAK2",PTK2;PTK2B,Targeted,Cytoskeleton,MGH,11713159,CHEMBL1084546,,,Y,Y
2173,PFI-1,,BRD4,BRD4,Targeted,Chromatin other,GDSC,71271629,CHEMBL2179387,347.4,,Y,Y
1094,PHA-665752,"PHA665752, PHA 665752",MET,MET,Targeted,RTK signaling,GDSC,10461815,CHEMBL450786,641.61,,N,Y
301,PHA-793887,"PHA793887, PHA 793887","CDK2, CDK7, CDK5",CDK2;CDK5;CDK7,Targeted,Cell cycle,MGH,46191454,CHEMBL1230607,361.48,,Y,Y
302,PI-103,"PI-103, PI103, PI 103","PI3Kalpha, DAPK3, CLK4, PIM3, HIPK2",CLK4;DAPK3;HIPK2;PIK3CA;PIM3,Targeted,"Other, kinases",MGH,9884685,CHEMBL573339,348.35,,Y,Y
1446,PI3Ka_4409,SN1037097676,PI3Kalpha (+delta),PIK3CA;PIK3CD,Targeted,PI3K/MTOR signaling,AZ,,,,,N,N
1982,PLK4_0066,"SN1055485388, PLK4_0066",PLK4,PLK4,Targeted,Cell cycle,AZ,,,,,N,N
1451,PLK_6522,SN1077317349,PLK1>PLK2>PLK3,PLK1;PLK2;PLK3,Targeted,Cell cycle,AZ,,,,,N,N
1036,PLX-4720,"PLX4720, PLX 4720",BRAF,BRAF,Targeted,ERK MAPK signaling,GDSC,24180719,CHEMBL1230020,413.83,,Y,Y
1131,PRIMA-1MET,"Prima 1MET, APR-246",TP53 activation,TP53,Targeted,p53 pathway,GDSC,52918385,CHEMBL3186011,199.25,,Y,Y
1631,PRT062607,"P505-15, PRT-2607, BIIB-057",SYK,SYK,Targeted,"Other, kinases",GDSC,44462758,CHEMBL2177736,429.91,3.6667,Y,Y
1080,Paclitaxel,"BMS-181339-01, Taxol, Onxol, Paxene, Praxel, Abraxane",Microtubule stabiliser,BCL2;TUBB1,Chemotherapeutic,Mitosis,GDSC,36314,CHEMBL428647,853.91,,Y,Y
1054,Palbociclib,"PD0332991, PD-0332991, PF-00080665-73","CDK4, CDK6",CDK4;CDK6,Targeted,Cell cycle,GDSC,5330286,CHEMBL189963,483.99,4.0,Y,Y
199,Pazopanib,Votrient,"CSF1R, KIT,  PDGFRA, PDGFRB",CSF1R;KIT;PDGFRA;PDGFRB,Targeted,RTK signaling,MGH,10113978,CHEMBL477772,473.98,,Y,Y
282,Pelitinib,"EKB-569, EKB 569",EGFR,EGFR,Targeted,EGFR signaling,MGH,6445562,CHEMBL607707,467.92,,Y,Y
1529,Pevonedistat,"MLN4924, MLN 4924, MLN-4924",NAE,NAE1,Targeted,Other,GDSC,16720766,CHEMBL1231160,443.52,,Y,Y
1942,Pexidartinib,"SN1056879775, pexidartinib",KIT,KIT;CSF1R;FLT3,Targeted,RTK signaling,AZ,,CHEMBL3813873,,,N,N
196,Phenformin,DBI,Biguanide agent,KCNJ8,None,Other,MGH,8249,CHEMBL170988,,,Y,Y
1058,Pictilisib,"GDC-0941, GDC0941, RG-7621",PI3K (class 1),PIK3CA;PIK3CB;PIK3CD;PIK3CG,Targeted,PI3K/MTOR signaling,GDSC,17755052,CHEMBL521851,513.64,2.75,Y,Y
1243,Piperlongumine,Piplartine,Induces reactive oxygen species,,Chemotherapeutic,Other,GDSC,637858,CHEMBL465843,317.34,,Y,Y
155,Ponatinib,"AP24534, AP-24534, KIN001-192, Iclusig","ABL, PDGFRA, VEGFR2, FGFR1, SRC, TIE2, FLT3",ABL1;FGFR1;FLT3;KDR;PDGFRA;SRC;TEK,Targeted,"Other, kinases",MGH,24826799,CHEMBL1171837,,,Y,Y
2168,Ponatinib,AP24534,"Abl, PDGFR, VEGFR2, FGFR1, Src",ABL1;PDGFRA;PDGFRB;KDR;FGFR1;SRC,Targeted,"Other, kinases",GDSC,,CHEMBL1171837,532.56,,N,Y
2020,Poziotinib,"SN1053759411, Poziotinib",EGFR/ERB22,EGFR;ERBB2,Targeted,RTK signaling,AZ,,CHEMBL3545154,,,N,N
2044,Pyridostatin,,G-quadruplex stabiliser,,Chemotherapeutic,DNA replication,GDSC,25227847,CHEMBL2349416,596.64,,Y,Y
235,QL-XII-47,,"BTK, BMX",BMX;BTK,Targeted,"Other, kinases",MGH,none,none,,,Y,Y
151,QS11,944328-88-5,ARFGAP1,ARFGAP1,Targeted,Other,MGH,4263900,CHEMBL259181,567.68,,Y,Y
1864,R428,BGB324,AXL,AXL,Targeted,RTK signaling,GDSC,46215462,CHEMBL2023349,579.57,,N,Y
2034,RAF_7242,"SN1055375462, RAF_7242 Lilly",RAF,RAF1,Targeted,ERK MAPK signaling,AZ,,,,,N,N
1453,RAF_9304,SN1034259943,pan-RAF,ARAF;BRAF;RAF1,Targeted,ERK MAPK signaling,AZ,,,,,N,N
2328,RGFP966,RGFP966,HDAC3,HDAC3,Targeted,Chromatin histone acetylation,GDSC,None,None,,,N,Y
2255,RK-33,None,DDX3,DDX3X,Targeted,Other,GDSC,41684988,CHEMBL1672984,,,N,Y
1052,RO-3306,,CDK1,CDK1,Targeted,Cell cycle,GDSC,44450571,CHEMBL393929,351.4,,Y,Y
1084,Rapamycin,"AY-22989, Sirolimus, WY-090217, Torisel, Rapamune",MTORC1,MTOR,Targeted,PI3K/MTOR signaling,GDSC,5384616,CHEMBL413,914.17,3.3333,Y,Y
1857,Ravoxertinib,GDC0994,"ERK1, ERK2",MAPK1;MAPK3,Targeted,ERK MAPK signaling,GDSC,71727581,CHEMBL3544964,439.85,,N,Y
1972,Ravoxertinib,"SN1123910136, GDC0994","ERK1, ERK2",MAPK1;MAPK3,Targeted,ERK MAPK signaling,AZ,,CHEMBL3544964,,,N,N
1014,Refametinib,"RDEA119, BAY-86-9766, BAY 869766","MEK1, MEK2",MAP2K1;MAP2K2,Targeted,ERK MAPK signaling,GDSC,44182295,CHEMBL1236682,572.34,,Y,Y
2220,Regorafenib,SN1054471117,KIT,KIT,Targeted,RTK signaling,AZ,,CHEMBL1946170,,,N,N
2161,Rigosertib,"ON-01910, ON01910, ON 01910",PLK1,PLK1,Targeted,Cell cycle,GDSC,6918736,CHEMBL1241855,,,N,Y
2066,Rociletinib,"SN1044770498, Rociletinib",EGFRm,EGFR,Targeted,EGFR signaling,AZ,,CHEMBL3545308,,,N,N
2282,Romidepsin,Romidepsin,"HDAC1, HDAC2, HDAC3, HDAC8",HDAC1;HDAC2;HDAC3;HDAC8,Targeted,Chromatin histone acetylation,GDSC,None,None,540.7,,N,Y
1175,Rucaparib,"PF-01367338, AG-014699, AG-14447, AG-14699","PARP1, PARP2",PARP1;PARP2,Targeted,Genome integrity,GDSC,9931953,CHEMBL1173055,421.36,,Y,Y
1937,S-crizotinib,,MTH1,NUDT1,Targeted,DNA replication,GDSC,56671814,CHEMBL1825141,450.34,,N,Y
2153,S63845,,MCL1,MCL1,Targeted,Apoptosis regulation,GDSC,none,none,829.26,4.0,N,Y
1061,SB590885,SB-590885,BRAF,BRAF,Targeted,ERK MAPK signaling,GDSC,11316960,CHEMBL477989,453.54,,Y,Y
1564,SCH772984,CS-1421,"ERK1, ERK2",MAPK1;MAPK3,Targeted,ERK MAPK signaling,GDSC,24866313,CHEMBL3590107,587.67,4.0,Y,Y
2297,SGX-523,SGX-523,MET,MET,Targeted,RTK signaling,GDSC,None,CHEMBL1236107,,,N,Y
1967,SMG1_1789,"SN1051760201, SMG1_1789",SMG1,SMG1,Targeted,"Other, kinases",AZ,,,,,N,N
1455,SMYD2_2391,SN1034785932,Histone methyltransferase SMYD2,SMYD2,Targeted,Chromatin histone methylation,AZ,,,,,N,N
1494,SN-38,"7-Ethyl-10-Hydroxy-Camptothecin, SN 38",TOP1,TOP1,Chemotherapeutic,DNA replication,GDSC,104842,CHEMBL837,392.4,,Y,Y
1490,SN-38,SN1095903706,TOP1,TOP1,Chemotherapeutic,DNA replication,AZ,,CHEMBL837,,,N,N
328,SNX-2112,SNX 2112,HSP90,HSP90AA1;HSP90AB1,Targeted,Protein stability and degradation,MGH,24772860,CHEMBL560895,464.48,,Y,Y
2028,STAT3_2372,"SN1056548076, STAT3_2372",STAT3,STAT3,Targeted,Other,AZ,,,,,N,N
258,STF-62247,STF62247,Autophagy inducer,,None,Other,MGH,704473,CHEMBL565269,267.35,,Y,Y
1959,SYK_1543,"SN1054674230, SKY_1543 (Genosco)",SYK,SYK,Targeted,"Other, kinases",AZ,,,,,N,N
1960,SYK_9721,"SN1052892584, SYK_Merck",SYK,SYK,Targeted,"Other, kinases",AZ,,,,,N,N
1849,Sabutoclax,BI-97C1,"BCL2,  BCL-XL,  BFL1, MCL1",BCL2;BCL2A1;BCL2L1;MCL1,Targeted,Apoptosis regulation,GDSC,46236925,CHEMBL1094250,700.78,,Y,Y
1962,Sapanisertib,"SN1038247252, MLN0128, INK128",mTORC1/2,MTOR,Targeted,PI3K/MTOR signaling,AZ,,CHEMBL3545097,,,N,N
1549,Sapitinib,AZD8931,"EGFR, ERBB2, ERBB3",EGFR;ERBB2;ERBB3,Targeted,EGFR signaling,GDSC,11488320,CHEMBL2408045,473.93,,Y,Y
1092,Saracatinib,"AZD0530, AZD-0530, AZ-10353926","ABL, SRC",ABL1;SRC,Targeted,"Other, kinases",GDSC,10302451,CHEMBL217092,542.03,,N,Y
1936,Savolitinib,"AZD6094, Volitinib, AZD-6094, AZD 6094",MET,MET,Targeted,RTK signaling,GDSC,68289010,CHEMBL3334567,454.3,,Y,Y
1736,Selumetinib,"SN1103949345, AZD1480","MEK1, MEK2",MAP2K1;MAP2K2,Targeted,ERK MAPK signaling,AZ,,CHEMBL1231124,,,N,N
2252,Selumetinib,SN1123855232,MEK,MAP2K1;MAP2K2,Targeted,ERK MAPK signaling,AZ,,CHEMBL1614701,,,N,N
1062,Selumetinib,"AZD6244, AZD-6244, ARRY-886","MEK1, MEK2",MAP2K1;MAP2K2,Targeted,ERK MAPK signaling,GDSC,10127622,CHEMBL1614701,,3.3333,Y,Y
2078,Senexin B,"SN1059213345, CDK8_5808",CDK8,CDK8,Targeted,Cell cycle,AZ,,SCHEMBL17702017,,,N,N
1941,Sepantronium bromide,"YM155, YM-155, YM 155",BIRC5,BIRC5,Targeted,Apoptosis regulation,GDSC,11178236,CHEMBL2110734,443.29,,Y,Y
268,Sepantronium bromide,"YM155, YM-155, YM 155",BIRC5,BIRC5,Targeted,Apoptosis regulation,MGH,11178236,CHEMBL2110734,444.3,,Y,Y
1971,Serabelisib,"SN1126770464, INK-1117",PI3Kalpha,PIK3CA,Targeted,PI3K/MTOR signaling,AZ,,CHEMBL3935857,,,N,N
1133,Serdemetan,JNJ-26854165,MDM2,MDM2,Targeted,p53 pathway,GDSC,11609586,CHEMBL2137530,328.41,,Y,Y
170,Shikonin,Anchusin,not defined,PKM2,,Other,MGH,5208,CHEMBL9470,288.3,,Y,Y
1085,Sorafenib,"Nexavar, 284461-73-0, BAY 43-9006","PDGFR, KIT, VEGFR, RAF",FLT1;KIT;PDGFRA;PDGFRB;RAF1,Targeted,"Other, kinases",GDSC,216239,CHEMBL1336,464.82,,Y,Y
1081,Sunitinib,"Sutent, Sunitinib Malate, SU-11248","PDGFR, KIT, VEGFR, FLT3, RET, CSF-1R",PDGFRA;PDGFRB;KIT;FLT1;FLT3;RET;CSF1R,Targeted,RTK signaling,GDSC,5329102,CHEMBL535,532.56,,N,Y
333,T0901317,"TO-901317, TO901317","LXR, FXR",NR1H3;NR1H4,Targeted,Other,MGH,447912,CHEMBL62136,481.3,,Y,Y
1732,TAF1_5496,"SN1050393042, TAF1_5496",TAF1,TAF1,Targeted,Other,AZ,,,,,N,N
221,TAK-715,"KIN001-201, TAK 715","p38alpha, p38beta",MAPK11;MAPK14,Targeted,JNK and p38 signaling,MGH,9952773,CHEMBL363648,,,Y,Y
1457,TAK1_0866,SN1001245318,TAK1  (MAP3K7),MAP3K7,Targeted,"Other, kinases",AZ,,,,,N,N
1456,TAK1_4248,SN1001244247,TAK1  (MAP3K7),MAP3K7,Targeted,"Other, kinases",AZ,,,,,N,N
1461,TANK_1366,SN1032446568,"Tankyrase 1/2 (PARP5a, PARP5b)",TNKS;TNKS2,Targeted,Genome integrity,AZ,,,,,N,N
2313,THZ1,THZ1,CDK7,CDK7,Targeted,Cell cycle,GDSC,None,None,,,N,Y
1993,THZ1,"SN1056154075, CDK7_7220",CDK7,CDK7,Targeted,Cell cycle,AZ,,,,,N,N
211,TL-2-105,,not defined,,,Other,MGH,none,none,,,Y,Y
305,TPCA-1,,IKK2,IKBKB,Targeted,"Other, kinases",MGH,9903786,CHEMBL257167,279.29,,Y,Y
1464,TTK_3146,SN1080714093,TTK (MPS1),TTK,Targeted,Mitosis,AZ,,,,,N,N
1149,TW 37,"TW37, TW-37","BCL2, BCL-XL, MCL1",BCL2;BCL2L1;MCL1,Targeted,Apoptosis regulation,GDSC,11455910,CHEMBL217354,573.7,,Y,Y
1259,Talazoparib,"BMN-673, BMN 973","PARP1, PARP2",PARP1;PARP2,Targeted,Genome integrity,GDSC,44819241,CHEMBL3137320,380.35,4.0,Y,Y
1199,Tamoxifen,"Nolvadex, Soltamox, Zynoplex, ICI-46474, Kessar",ESR1,ESR1,Targeted,Hormone-related,GDSC,2733526,CHEMBL83,371.5,,Y,Y
1026,Tanespimycin,"17-AAG, BMS-722782",HSP90,HSP90AA1;HSP90AB1,Targeted,Protein stability and degradation,GDSC,6505803,CHEMBL109480,585.69,,Y,Y
1561,Taselisib,"GDC-0032, GDC0032, RG7604",PI3K (beta sparing),PIK3CA;PIK3CD;PIK3CG,Targeted,PI3K/MTOR signaling,GDSC,51001932,CHEMBL2387080,460.53,,Y,Y
1945,Taselisib,"SN1110328261, GDC0032",PI3Kamutant,PIK3CA;PIK3CD;PIK3CG,Targeted,PI3K/MTOR signaling,AZ,,CHEMBL2387080,,,N,N
1930,Telomerase Inhibitor IX,"MST-312, MST 312, MST312",Telomerase,TERT,Targeted,Genome integrity,GDSC,10385095,CHEMBL2170856,380.36,,Y,Y
1016,Temsirolimus,"CCI-779, Torisel",MTOR,MTOR,Targeted,PI3K/MTOR signaling,GDSC,6918289,CHEMBL1201182,1030.29,,Y,Y
1850,Tepotinib,EMD-1214063,MET,MET,Targeted,RTK signaling,GDSC,25171648,CHEMBL3402762,492.57,,N,Y
180,Thapsigargin,Octanoic acid,SERCA,ATP2A2,Targeted,Other,MGH,446378,CHEMBL96926,650.8,,Y,Y
204,Tipifarnib,Zarnestra,Farnesyl-transferase (FNTA),FNTA,Targeted,Other,MGH,159324,CHEMBL289228,489.4,,Y,Y
1372,Trametinib,"GSK1120212, Mekinist","MEK1, MEK2",MAP2K1;MAP2K2,Targeted,ERK MAPK signaling,GDSC,11707110,CHEMBL2103875,615.39,,Y,Y
1009,Tretinoin,"ATRA, Vesanoid, Renova, Atralin, Tretin-X, Avita",Retinoic acid,RARA,Targeted,Other,GDSC,444795,CHEMBL38,300.44,,Y,Y
2319,Tubacin,Tubacin,HDAC6,HDAC6,Targeted,Chromatin histone acetylation,GDSC,None,CHEMBL356769,,,N,Y
265,Tubastatin A,,"HDAC1, HDAC6, HDAC8",HDAC1;HDAC6;HDAC8,Targeted,Chromatin histone acetylation,MGH,53394750,CHEMBL2018302,371.86,,Y,Y
1733,ULK1_4989,"SN1049257073, ULK1_4989",ULK1,ULK1,Targeted,"Other, kinases",AZ,,,,,N,N
1939,UMI-77,"UMI 77, UMI-77",MCL1,MCL1,Targeted,Apoptosis regulation,GDSC,992586,CHEMBL1331211,468.34,,Y,Y
1961,UNC-2025,"SN1056838808, MRX-6313",TAM Kinases,FLT3,Targeted,RTK signaling,AZ,,CHEMBL3326006,,,N,N
245,UNC0638,"UNC-0638, UNC 0683",G9a and GLP methyltransferases,EHMT1;EHMT2,Targeted,Chromatin histone methylation,MGH,46224516,CHEMBL1231795,509.73,,Y,Y
1193,UNC0638,"UNC-0638, UNC 0683",G9a and GLP methyltransferases,EHMT1;EHMT2,Targeted,Chromatin histone methylation,GDSC,46224516,CHEMBL1231795,509.73,1.5,N,Y
2332,UNC2025,UNC2025,"MERTK, FLT3",MERTK;FLT3,Targeted,RTK signaling,GDSC,None,None,,,N,Y
1908,Ulixertinib,"BVD-523, VRT752271","ERK1, ERK2",MAPK1;MAPK3,Targeted,ERK MAPK signaling,GDSC,"11719003, 58641927",CHEMBL3590106,433.33,,Y,Y
1553,Uprosertib,"GSK2141795, GSK2141795C, GSK-2141795","AKT1, AKT2, AKT3",AKT1;AKT2;AKT3,Targeted,PI3K/MTOR signaling,GDSC,51042438,CHEMBL3137336,429.25,,Y,Y
1613,VE-822,"VE 822, VE822, Berzosertib",ATR,ATR,Targeted,Genome integrity,GDSC,59472121,CHEMBL3989870,463.55,,Y,Y
2111,VE821,"VE 821, VE-821",ATR,ATR,Targeted,Genome integrity,GDSC,51000408,CHEMBL1766779,368.41,2.6667,Y,Y
1525,VER-155008,1134156-32-1,HSP70,,Targeted,Protein stability and degradation,GDSC,25195348,CHEMBL470334,565.41,,N,Y
271,VNLG/124,HDAC inhibitor XV,"HDAC,RAR",RARA;HDAC1;HDAC10;HDAC2;HDAC3;HDAC4;HDAC5;HDAC6;HDAC7;HDAC8;HDAC9,Targeted,Chromatin histone acetylation,MGH,24894414,CHEMBL471364,476.7,,Y,Y
1734,VSP34_8731,"SN1049998399, VSP34_8731",VSP34,PIK3C3,Targeted,Other,AZ,,,,,N,N
2096,VX-11e,"VX11e, VX11e",ERK2,MAPK1,Targeted,ERK MAPK signaling,GDSC,11634725,CHEMBL583042,500.35,,Y,Y
262,VX-11e,"VX11e, VX11e",ERK2,MAPK1,Targeted,ERK MAPK signaling,MGH,11634725,CHEMBL583042,501.36,,Y,Y
1028,VX-702,"VX702, VX 702",p38,MAPK14,Targeted,JNK and p38 signaling,GDSC,10341154,CHEMBL1090090,404.3,,Y,Y
1949,Venetoclax,"SN1043963218, ABT-199",BCL2,BCL2,Targeted,Apoptosis regulation,AZ,,CHEMBL3137309,,,N,N
1909,Venetoclax,"ABT-199, Veneclexta, GDC-0199",BCL2,BCL2,Targeted,Apoptosis regulation,GDSC,49846579,CHEMBL3137309,868.44,4.0,Y,Y
1004,Vinblastine,Velban,Microtubule destabiliser,,Chemotherapeutic,Mitosis,GDSC,6710780,CHEMBL159,909.05,,Y,Y
2048,Vinorelbine,"vinorelbine tartrate, Navelbine, Exelbine",Microtubule destabiliser,,Chemotherapeutic,Mitosis,GDSC,5311497,CHEMBL553025,1079.11,,Y,Y
140,Vinorelbine,"vinorelbine tartrate, Navelbine, Exelbine",Microtubule destabiliser,,Chemotherapeutic,Mitosis,MGH,5311497,CHEMBL553025,778.93,,Y,Y
2160,Volasertib,"BI 6727, BI6727, BI-6727","PLK1, PLK2, PLK3",PLK1;PLK2;PLK3,Targeted,Cell cycle,GDSC,10461508,CHEMBL1233528,,,N,Y
1012,Vorinostat,"Zolinza, SAHA, suberanilohydroxamic acid, suberoylanilide hydroxamic acid, MK-0683","HDAC inhibitor Class I, IIa, IIb, IV",HDAC1;HDAC10;HDAC2;HDAC3;HDAC4;HDAC5;HDAC6;HDAC7;HDAC8;HDAC9,Targeted,Chromatin histone acetylation,GDSC,5311,CHEMBL98,264.3,,Y,Y
1997,WEHI-539,"WEHI539, WEHI-539",BCL-XL,BCL2L1,Targeted,Apoptosis regulation,GDSC,71297207,CHEMBL3342187,583.7,,Y,Y
1940,WIKI4,"WIKI-4, WIKI 4","TNKS1, TNKS2",TNKS;TNKS2,Targeted,WNT signaling,GDSC,2984337,SCHEMBL17189791,521.59,,Y,Y
1614,WZ4003,WZ 4003,"NUAK1, NUAK2",NUAK1;NUAK2,Targeted,"Other, kinases",GDSC,72200024,none,496.99,3.0,Y,Y
1046,Wee1 Inhibitor,"681640, Wee1 Inhibitor","WEE1, CHEK1",WEE1;CHEK1,Targeted,Cell cycle,GDSC,10384072,CHEMBL379975,362.77,,Y,Y
1268,XAV939,"NVP-XAV939, XAV-939, XAV 939","TNKS1, TNKS2",TNKS;TNKS2,Targeted,WNT signaling,GDSC,2726824,CHEMBL1086580,312.32,1.5,Y,Y
309,Y-39983,,ROCK,ROCK1,Targeted,Cytoskeleton,MGH,9810884,CHEMBL571948,280.32,,Y,Y
1239,YK-4-279,YK 4-279,RNA helicase A,DHX9,Targeted,Other,GDSC,44632017,CHEMBL2011500,,,Y,Y
310,YM201636,"YM-201636, YM 201636",PIKFYVE,PIKFYVE,Targeted,PI3K/MTOR signaling,MGH,9956222,CHEMBL2178735,467.48,,Y,Y
1050,ZM447439,"ZM-447439, ZM 447439","AURKA, AURKB",AURKA;AURKB,Targeted,Mitosis,GDSC,9914412,CHEMBL202721,513.59,,Y,Y
223,ZSTK474,"KIN001-167, ZSTK-474, ZSTK 474",PI3K (class 1),PIK3CA;PIK3CB;PIK3CD;PIK3CG,Targeted,PI3K/MTOR signaling,MGH,11647372,CHEMBL586702,,,Y,Y
2316,eCF309,eCF309,MTOR,MTOR,Targeted,PI3K/MTOR signaling,GDSC,None,None,383.41,,N,Y
1947,entospletinib,"SN1052905823, entospletinib",SYK,SYK,Targeted,"Other, kinases",AZ,,CHEMBL3265032,,,N,N
1261,rTRAIL,,TRAIL receptor agonist,,Targeted,Apoptosis regulation,GDSC,none,none,19.6,,Y,Y
