Inhibitor,EGFR,CSNK2A2,BMP2K,AAK1,Q6ZSR9,GAK,PRKD2,PRKD3,SIK2,SIK3,PLK4,AURKA,AURKB,PTK2,FER,PTK2B,TNK1,TNK2,MAP2K5,MAP2K1,MAP2K2,PDGFRB,STK10,SLK,MAP4K2,MAP4K5,MAP4K3,MET,CDK2,CDK5,CDK16,CDK9,GSK3A,GSK3B,CDK7,ERCC2,CDK1,CDK12,CDK13,CLK1,DYRK1A,CDK17,CDK4,CDK6,FGFR1,MAPK10,MAPK8,MAPK9,ADCK1,STK16,NEK9,FECH,CSNK1A1,CSNK1E,CSNK1D,MAP3K4,WEE1,MST1R,PIP4K2C,IRAK1,TAOK3,PIM1,TAOK1,CIT,PRKX;PRKY,CDC42BPA,CDC42BPB,PRKACA,PRKACB,PRKCQ,CLK4,PAK6,PRKACG,RPS6KB1,MAPK7,PRKG1,PRKCI,CDKL5,CDK18,ADRBK1,STK11,EPHB3,BRAF,NLK,TGFBR2,CSK,MYLK,FGR,TESK1,KIT,ULK1,FES,IGF1R,INSR,JAK2,STK26,CAMK4,TAOK2,EIF2AK1,ICK,CSNK1G2,CSNK1G1,CSNK1G3,CLK2,TP53RK,MINK1,MAPK15,ERN1,MAP2K6,MAP3K5,MAP3K6,MAP2K3,ERN2,PRKX,MAPK1,MAPK3,AKT3,AKT1,AKT2,RPS6KA5,ACVRL1,MAPKAPK5,NEK1,ARAF,ACAD10,ADCK3,ACVR2B,PAK2,CLK3,MAPKAPK3,PLK1,PDXK,DCK,ADK,PKMYT1,NUAK2,HSP90AB2P,STK24,CMPK1,GARS,ACOX3,ACAD11,DCTPP1,NEK7,SMC2,TOP2B,MYH10,PIM2,CAMK1G,PIP4K2A;PIP4K2B,AK2,NME2,PIP4K2A,CDC42BPG,AP1G1,DHCR24,SLC25A5,ACTR3,SNRNP200,CARS,DNAJA1,PFKP,MAT2A,IPO7,STK38L,AIMP1,CDC7,PRKAR2A,EPHA1,EPHA7,BMPR1B,BMPR1A,TYK2,BMPR2,MAP3K2,MAP3K3,SYK,NEK3,BUB1,LATS1,MAP3K11,IKBKE,TBK1,STK4,STK3,CDK3,MARK4,MELK,IRAK4,RPS6KA4,RPS6KA1,RPS6KA3,MARK2,MARK3,RPS6KA6,PRKAG2,PRKAA1,PRKAG1,PAK4,CHEK1,NTRK1,CAMK2D,CAMK2G,CAMKK2,PHKG2,MAP4K4,TNIK,MYLK3,MAP4K1,JAK1,ULK3,PRKCD,PRKCA,PRKCB,PKN1,PKN2,ROCK2,ROCK1,NQO2,ACVR1,IRAK3,FLT3,RET,DDR1,DDR2,ABL2,BCR,ABL1,RIPK2,MAPKAPK2,MAPK11,MAPK14,ZAK,RIPK3,YES1,LCK,SRC,FYN,HCK,LYN,FRK,EPHA2,EPHA5,EPHB2,EPHB4,EPHA4,BTK,TEC,MAP3K1,LIMK1,LIMK2,PTK6,EPHB6,ACVR1B,TGFBR1
OTS-167,,10,245,172,155,5,69,93,240,356,33,194,126,118,47,30,1778,,58,968,,103,14,113,166,71,,,91,253,34,81,87,80,157,,288,,,11,10,,,,,112,151,364,,186,,1089,931,159,188,,,311,,441,21,14,17,98,,,,,,,,,,,,,,,,,,,,24,,,,,,,,179,,,,,,,,,,,427,,311,,90,,4559,878,1908,,,,,,,,,298,,272,,,,,,,,,,,,,,,,,,,,,,,,,,,,,,,,,,,,,,,,,,,,,,,91,,3,,,,460,442,,,,14,52,182,452,67,70,,,29,194,111,251,166,,,57,208,159,150,515,,,,,126,397,,,,,,,80,164,233,244,,,,,222,12,,28,515,2284,187,14,280,5,,,,101,,,73,,125,116,121,,110,75,149,143,181,361,,,,,,521,195,149
AT-9283,,65,34,17,24,1610,244,532,30,4108,21,16,17,,307,,,,47,,,,82,402,,2217,,7,,1385,32,1640,6,7,,,,,,2045,2447,1148,1287,140,25,358,157,509,559,1281,1532,,,,,,,,,,,,2219,,998,,,3191,927,,,213,3,117,,,,,,,,,,,1384,1473,,1537,,,,,,,,,,,,,,,,,,,,,3545,23168,,,,,,,,,,1249,15,589,,,,,,,,,,,,,,,,,,,,,,,,,,,,,,,,,,,,,,,,,,,,,,,,8,21,388,279,43,277,345,116,2055,94,45,56,215,102,,,,,1795,,73,471,108,1364,1370,16,62,50,34,110,84,,,,,,108,801,129,214,368,45,,1543,3380,3088,2767,,,,78,,64,11,,,1082,156,315,,,,,,,574,890,592,511,664,1420,,1429,,,,30000,537,135,1399,1692,4432,188,12,811,77
PF-3758309,,,2539,3041,2716,1954,244,268,1267,,668,981,2076,,802,1400,,,,,,,,,,,2190,,,,3387,,2088,667,3,3,,,,90,,14,,,208,,,,,5446,,,,,,,2770,,,,,,,,312,,,935,354,85,13,3,66,357,3885,808,27388,1930,67,22494,434,,,,,,,,,,,,,,,,408,,,,,,,,,,,,,,,,,,1965,3868,,,,29957,,,,,,,,,,,,,,,,,,,,,,,,,,,,,,,,,,,,,,,,,,,,,,,,,,,,,,,,,,,,157,1560,658,377,4320,2203,30000,29,57,,111,820,100,114,105,4,5,6,6,71,210,,343,275,2862,53,,,349,2300,,626,974,873,5893,1167,,,,,,,1443,728,,,939,1282,,,,,,,,5557,,2085,1233,,,,,,,,,,1229,,,,,,,
XL-228,,2435,14,138,204,,1367,1857,1796,,3,3,4,22,105,118,3,76,,,,,379,138,352,551,526,,,,1055,3512,,,1438,953,,,,,,,,,9,,,,,,,,,,,,,2366,,,,,,,,,,,,,,,,,,,,,,,,,,,,,,,,,,,754,144,,,,,3342,,,,,,,,,,,,,,,,,,,,,,,,,,,,,,,,,,,,,,,,,,,,,,,,,,,,,,,,,,,,,,,,,,,,,,5,17,212,203,,,,,,,,,2902,1387,1118,229,462,,,,,,,,196,133,,,380,4042,,,6,,,2339,2407,,,,15,,492,,2275,,11,,,,,5,80,5,9,221,4963,8,3,75,,,,,,,171,166,459,23,6394,1328,,32,81,2506,292,167,,45,,2067,,,26,,231
Danusertib,,,,,,,10389,,1255,,5,11,139,33,701,50,49,59,,,,,3078,865,256,718,1193,,,,,,,,108,134,,,,,,,,,81,,,,,,2034,,,,,,,,,,,,,,,,,,,,,,,,425,,,,,,,175,,,863,,,,,,,594,,,153,1120,,,,,,,,,,,,,,,,,,,,,,,,,,,,,,,,,,,,,,,,,,,,,,,,,,,,,,,,,,,,,,,,,,,,,,,,,,40,,,,,,,5205,,,,,,,636,2083,866,232,29933,,,,,365,361,,93,69,79,,,,,,521,7503,30000,,,196,,,,,,,,,,,527,,1417,6,142,850,10,5,24,,,,,,,55,283,53,24,137,462,112,24,88,63,18,159,1461,1145,509,701,3758,,167,524,1957
TAK-901,1468,28872,695,,,,,,115,,41,24,44,264,574,190,,281,6797,,3951,4592,949,1348,,5356,,,,,,3609,22543,6168,205,246,,,,,,,,,1388,,,,,849,,,,,,,,,,,,,,,,,,,,,,,,,,,,,,,,2349,,,,,,,,,,,,,,,,,,,,,,,,,,,,,,,,,,,,,,,,,,,,,,,,,,,,,,705,,,,,,,,,,,,,,,,,,,,,,,,,,,,,,,,,,615,,,,,,,4662,,,,2536,,2762,3455,2759,,1035,,2133,3004,3416,5997,2332,2416,899,509,2310,355,,1745,843,,,,,,,,,,,,1609,,2983,,,,30000,249,27,,111,13766,2331,422,133,310,,,,,,,22,105,92,95,143,357,222,178,508,669,656,22,328,282,,,,180,,,197
Dasatinib,1881,,,,,160,,,25,147,,,,,,,678,27,1432,,3370,292,2828,2189,1729,955,2119,,,,,,,,,,,,,,,,,,,,,,,,,,,2496,,,,,,,,,,,,,,,1215,711,,,,,,,,,,,,29,3231,258,3121,22,72,5,65,60,,,,,,,,,,,,,,,,,,,,,,,,,,,,,,,,,,,,,2485,,,,,,,,1227,,,,,,,,,,,,,,,,,,,,,,,,,,,,,,,,,,15,,,,1401,,2100,,2455,,,,,,,,,,,,,,,,,,,,,,,,,,,,,3871,,,2122,,,,,,359,,,,,,,,955,43,70,4,5,5,20,538,,945,217,,4,7,3,4,29,8,5,6,4,4,4,7,5,43,1263,1133,965,59,34,1159,1723
TG-100572,,,,,,3,3,,3,3,,,,,,,,,,,,,,,,,,,,,,,,,,,,,,,,,,,,,,,,,,,,,,,,,,,,,,3,,,,,,,,,,,,,,,,,,3,3,3,,,,,,,,,,,,,,,,,,,,,,,,,,,,,,,,,,,,,,,,,,,,,,,,,,,,,,,,,,,,,,,,,,,,,,,,,,,,,,,,,,3181,,,,,,,3,3,,,,,,,,,,,,,,,,,,,,,,,,,,,,,,,,,,,,,,,,,,,,,,,,,3,3,4,3,3,3,3,,,,,3,3,3,3,,,,3,3,3,3,3,3,,,,,,,3,3,3
Gilteritinib,3502,960,46,25,11,9,,,,,,,,,188,510,39,3149,2040,2755,502,510,149,68,244,3115,605,,,,,,,,,,,,,,,,1955,,,512,736,430,152,295,,,,,,,,804,,,,,,2346,3429,,,,,,,,,,,,,,,,,,,,,,188,,,,,,,,,1143,421,2092,,,,,,,2716,,,,1895,,,,,,,,,,,,,,,,,,,,,,,,,,,,,,,,,,,,,,,,,,,,,,302,432,451,5511,1382,,,,,,,,,,,2980,572,121,,,536,,4043,2840,191,221,600,1468,,,,,,,1757,,3438,2661,,,,,,,,,,207,169,2648,,202,,,,,6,,591,,,,,,1701,39,7,7,50,,,,,,482,,,,,1304,445,,,,1594,,,,,,,,,,,,,,,,
KW-2449,,512,45,318,285,,2232,2509,1296,,1100,470,119,,,,,,,,,1795,2370,2804,862,1975,1524,,,,,,,,3401,3131,,,,2351,2770,,,,3302,,2027,1985,,855,1492,,,,,,,,,,,,,,,,,,,,,,,,,,,,,,,,,,,,,,,,2746,,2196,2588,,,,,,,,3282,2722,2879,,,,,,,,,,,,,,,,,,,,,,,1300,4,,,,,,,,,,,,,,,,,,,,,,,,,,,,,,,,,,,,,,,,,,,,,,,,,,,,,2755,2620,1966,,,,72,1645,,,,,2023,1520,,,,,,1674,,,,2333,3366,143,291,,1428,1319,1046,,,,,,,,3597,,1567,37,405,,,,1274,2059,,,,,,,,,,,,,,,,,,,,,2130,,,,,,
Orantinib,,2103,303,1174,1183,2090,,,,,,3254,933,,,,,,4938,3426,3225,744,,,2276,,,,,,,,,,,,,,,,,,,,,,,,,,,,,,,,,,,,,,,,,,,,,,,,,,,,,,,,,,,,,,,,,,,,,,,,,,,,,,,,,,,,,,,,,,,,,,,3117,,,,,,,,,,,,,,,,,,,,,,,,,,,,,,,,,,,,,,,,,,,,,,,,,,,,,,19,,,,,,3011,2660,1430,1982,1567,1809,,,,,1388,2647,,,,,,,,,,,,,,,,,,2015,,1455,,,,,,,,,,,3,316,,,,,,,,,,,,,,,,,,,,,,,,,,,,,,,,
SU-14813,,,78,253,945,,,,,,,,,,,,,,,,803,4,,,,,,,,,,,,,,,,,,,,,,,,,,,,,,,,,,,,,,,,,,,,,,,,,,,,,,,,,,,,,,,,,,,,,,,,,,,,,,,,,,,,,,,,,,,,,,,,,,,,,,,,,,,,,,,,,,,,,,,,,,,,,,,,,,,,,,,,,,,,,,,,,,,,,,,,675,,,,,,,,2034,,691,1338,,,,3178,272,,,,26617,,,4015,,,,,,,,,953,,20,93,152,433,,,,,,,,,,,3,33,,,,,,,,,,,,,,,,,,,,,,,,,,,,,,,,
Dovitinib,,1339,65,209,104,1878,,,,,,,910,,,,,,1598,2420,2782,35,,,3172,1009,841,,,,,,,,,,,,,,,,,2835,243,,,,,,2051,,,,,,8671,,,,,,,,,,,,,,,,,,,,,,,,,,,,,,,,,,721,,,,,,,,,,,,,,,105,,,,,,,,,,,,,,,,,,,,,,,,,,,,,,,,,,,,,,,,,,,,,,,,,,,,,,,,,,,,,,,,,,,,,,,,,,955,1283,1510,1114,1136,2233,1479,976,2928,2126,420,2398,4973,7728,10397,,1123,1141,930,,2862,2239,,,,,179,,,108,360,968,,,,8994,,,,3011,,,3,23,,,1042,17364,2560,,,,,,,591,712,582,770,1081,786,,,,,,,,,,,,,,,
Sunitinib,6788,3201,87,363,431,1287,1125,1645,,,,,1817,,,,,,3525,2580,1677,4,3965,,,1194,528,,,,,,,,1202,1225,,,,,3675,2880,,,3595,,,,,,,,7339,848,869,,,,,,,,,,,,,,,,,,,,,,,,,,,,,,,,,,,,2170,,,,,2234,2970,,,,,3374,2946,922,,,,,,,,,,,,,,,,1122,,,,,,,,,,,,,,,,,,4084,,,,,,,,,,,,,,,,,,,,,,,,,,,,,,,,,,,,2608,2387,3264,,,,743,3097,1731,1502,1329,2403,1024,,1353,2625,572,2675,1696,3013,2567,,1734,1079,1140,,3294,1940,,898,,661,268,387,,249,475,1125,,,,,,,,4022,,,3,33,,,,,,,,,,,,758,,,,1943,1416,,,,,,,,,,,,,,,
AZD-7762,808,3153,181,73,120,202,1161,2136,7,43,722,,715,948,85,608,,1091,147,2039,1217,552,360,1093,50,197,363,,,,,,,,,,,,,,1680,,,,,,,,,,,,,,,,,,,,,,,,411,,,,,,,,,,,,,,,,,,,,,313,,,,,115,319,,,3678,,,,,,,,,,,,,,,,,,,,,,,,,,,,,,,,253,,,,,,,,,,,,,,,,,,,,,,,,,,,,,,,,,,,,,,,,,,,,,,,,,,1484,,,,81,,,56,85,139,475,4533,304,879,,,442,321,1513,895,762,587,166,5,,,,,,35,94,,,,1789,,,,2159,3095,,,,,,,23,,,899,85,610,,,,,,,435,1295,109,284,103,480,1207,,,,,,3066,2609,,,,1368,,,
PF-477736,1722,14757,6,3,3,23,,,47,386,32,141,120,,,,,,2194,,,100,,,,2639,1543,,,,,,,,,,,,,,,,,,192,,,,4497,,,,,,,,4856,,,,,,,725,1841,,,,,,,,,2379,,,,,,3558,4375,,,,146,,,,,,,,,,,,,,,,,,,,,,,,,,,,,,,3206,,,,,,,,,,,,,,,,,,,,,,,,,,,,,,,,,,,,,,,,,,,,,,,,,,,,,,,2013,814,,,,,,,,363,1864,,,,,,,30000,2607,1055,,,491,387,2376,1266,1324,784,53,3,,,,,,,,,,1779,1167,,,,119,,,,,,,50,10,,,1372,1108,584,,,,,,,623,1381,1405,1337,436,331,,,,,,,2839,,1806,133,205,,,,
Cerdulatinib,,16348,3,3,3,552,1207,1059,128,13559,,,3791,,,,,,656,,,203,,,,19155,33,,,,,,,,,,,,,,,,,,,308,356,1430,,,,,,,,,,,,,8258,,2174,,,,,,,,,,,,,,,,,,,,,,,,,,,,,,,,,,,2221,,,,,,,,,,,,285,473,1480,,,,,,,,,,,,,,,,,,,,,,,,,,,,,,,,,,,,,,,,,,,,,,,,,,,,,,,,,,,,,32,4861,747,1089,440,1105,437,261,1811,1291,299,102,62,,,,,,,5891,302,306,455,1967,10773,7776,851,701,,,,,,3056,,,,78,655,3821,,,,,,,,,,1500,1231,,,,,,,,,,,,,,,,,,,,,,,,,,,,,,,,
PF-03814735,,2635,15,9,10,1761,928,822,11,9648,277,14,20,58,103,267,369,1358,1196,,,,309,687,1356,897,766,1044,1775,475,,,,,,,,,,,,,,2081,1282,,,,,1243,,,,,,,1588,4560,,,2402,,,,,,,,,,,,,,,,,,,,,,,,,,,,,,28,1234,2714,2398,,,,2046,,,,,,,,,,3643,,1273,1060,,,,,,,,,,,,,,,,,,,,,,,,,24,,,,,,,,,,,,,,,,,,,,,,,,,,,,,,,,,,,,,1866,,164,246,681,,,406,50,796,78,828,1270,1534,9,,2023,156,2406,1392,580,364,282,1255,350,1433,1237,417,263,,,2189,,3362,746,109,,1294,19,,,,2940,,,,,,,37,17,,,,10820,2532,,,,,,,,,,,,,,,,,,,,2319,,,,,,,
K-252a,,,90,5,21,1269,30,38,58,4027,73,20,353,,455,1360,287,1717,2033,1747,474,1006,481,3305,131,193,2374,,101,911,,,,,,,,,,10,4852,,,399,,,551,986,6090,,,,,,,,,,,,,,18757,,2436,,,,,,15,,,,,,,,,,,,,,,,,,,,,,,,,,,,,,,,,3809,3840,,167,19,88,182,335,,908,,,,,,,14659,,,,,,,,,,,,,,,,,,,,,,,,,,,,,,,,,,,,,,,,,,,,,2137,,,,,,,,,,4118,,545,,,67,572,494,1157,29,43,32,28,83,9,432,2994,2990,704,384,2181,868,461,352,344,122,1739,190,173,2277,3263,19,10,98,452,,107,,2280,,264,361,,,4031,,254,227,669,,,,,,526,,,,,,,,,,,,,,,,,,1567,,,,,,,15258,2179
Lestaurtinib,,,214,66,80,694,46,53,55,848,90,25,131,,235,,108,64,1794,1162,569,1735,98,750,63,173,1565,,330,1564,,,,,,,,,,179,1858,,866,,,28,783,1729,,,,,,,,,,,,,,,,,,,,,,,,,,,,,,,,,,,,,1280,,,,,,,,,,,,,,,,,,,,,41,,42,87,631,378,120,292,1282,,,,,,,,,,,,,,,,,,,,,,,,,,,,,,,,,,,,,,,,,,,,,,,,,,,,,,,,,,,,,2260,,265,,,25,154,642,977,45,30,37,73,185,88,324,2477,2022,157,103,981,890,840,885,29,72,561,332,306,1381,122,,,95,252,,212,,1799,,198,164,,,3257,1949,147,122,205,,,,,,,,,,,,,,,,,,,,,,,,1179,,,,,,,660,966
Crenolanib,,,1200,,,2407,,14768,16,3,,,,,,,,,41,,,106,3428,,,455,406,,128,313,,988,,,,,1378,,,,4966,,,,,,,,,,,7354,,,,,,,,,,,,,,,,,,3063,,,,,,,,,,,,,,,,,,,,,839,,,,,13,,,,,,,,,,,,,,,,,,,,,,,,,,,,,,,,,,,,,,,,,2566,57,3,40,,,,,,,,,,,,,,,,,,,,,,,,,,,,,,,,,,,,,,,,2768,3066,,,702,743,1066,25,4227,778,,,,300,220,1981,1772,1247,1996,1007,,8,821,766,135,5016,282,,,,,,2989,,,165,1215,,,40,,1506,18,810,,,,,,1312,,,,,,,24221,,,,,,,,,,,,,,,,,,,
UCN-01,,,832,623,961,,4236,,11,56,,,,,430,191,,162,,,,436,3,89,631,836,706,937,,,,,,,,,,,,,,,,,,,,,,,,,,,,,,,,,1411,,,,,254,110,,,1984,,4,,,,,,,,,,,,,,,,,,,,2314,,,,,,,,,,,,,,,,,,,1185,,,,,,,,,,,,,,,,,,,,,,,,,,,,,,,,,,,,,,,,,,,269,,,,,,,,,,,,,,,,,,,,,,,217,,,,303,528,393,114,45,,8,,,,,,13,16,141,25,319,,25,33,737,520,823,30,,,,,,,,38,35,19,8,142,1096,955,,,,67,521,,,,,,,,,,,,,,,,,,,,,,,,,,,,,,,,
Cyc-116,,15,7,6,7,196,1117,1163,1405,10318,,118,68,13039,,7540,,,1478,,,,3958,30000,,10255,2855,,4232,,3714,9901,,,,,,,,586,5364,7,,1716,949,147,298,575,545,210,133,783,958,841,344,,8931,575,67,2988,,,,1097,,,,,,,,,,,,,,,,,,,,,300,,,,,,,,,,,,,,,,,53,7536,3844,,348,,,,,,,,,,,,,,,,,1099,,,30000,,,,,,,,,,,,,,,,,,,,,,,,,,,,,,,,,,,,,,,,,,3455,,,,,1021,14377,,,5068,830,111,66,4048,689,1162,7171,17526,,,23232,6719,6381,,,3147,1581,,,5500,10212,30000,,,,,30000,,3303,2135,,,5389,801,,,,13159,,8885,,648,396,57,276,2178,,,,8087,5057,3292,,,,6839,4820,,,,,10043,,,3931,,7565,4608,3461,,,8159,984,2547,,,1269,4262
Milciclib,,3496,,7413,1860,3,143,135,110,266,,,,,,,5684,900,,,,512,,,14043,9997,2057,,739,1349,526,,,,285,329,,,,8,105,1177,4116,1724,1421,2642,,,,1095,19617,,995,366,236,4021,13,1990,1432,2064,10615,,342,,,,,,,,18,,,,,,,,,,,2598,,,,,,,,,1748,,,,,,,5246,,863,,,,,,,,,,,,,,,,,,,,,,,,,,3012,,,,,,,,,,,,,,,,,1594,,,,,,,,,,,,,,,,,,,,,,,,,,,,,,,,,,,2390,2709,681,2484,2966,2088,,,,,2805,26123,,,,2365,3443,,,,,,,2962,,,1238,,,1247,350,212,,,,,,,,,,,477,291,54,1322,4175,4289,,685,1167,,,,,,,3789,625,5313,1439,1316,3536,3023,661,147,767,1075,8131,,,,,,,,,
RGB-286638,,8,8,22,22,4,195,297,207,,,,,,,,,,535,,,,,,,,,,72,318,3,33,7,8,154,456,1337,947,1012,,34,,,,,,731,370,,,,,8073,,1223,,,,,,,,,763,,1094,1020,,,,,,,,,,,,,,,,,,80,,,,,,,,,,,1052,,,3803,8,,3180,,18,1716,,,,1952,,,,,,,,,,,,,,,,,,,,,,,,,,,,,,,,,,,,,,,42,,,,,,,,,,,,,,,,,,,,,,,,,,,,,,,,,265,1902,2007,,,,,1458,,,,,,,,,,,,,,,,,,,,,,139,,,,,,,,,,,,323,,,,,1235,,,,,,1113,,,,,,,,,,,,,,,,,,,,,,
Abemaciclib,,19,30000,102,88,2194,2064,1841,,,,,,,,,,,,,,,2470,,,,,,10487,,50,174,13,13,,,,,,7,204,,97,59,,,3756,,40,495,,,,,,,,,,126,1721,7,107,798,,,,,,,,,,,,,,,,,,,,,,,,,,,,,,,,,,,4836,53,,,,,,,,,,,,,,,,,,,,,,,,,,,,,,,,,,,,,,,,,,,,,,,,,,,,,,,,,,,,,,,,,,,,,,,,,,,,,,,,,,,,,,,,,,,,,,,,,,,,,,19,18,2598,,1322,,,,,,795,530,1624,,,,,,,,,,,,,,,,,,,,,,,,,,,,,,,,,,,,,,,,,
Pacritinib,,394,39,42,52,674,,,,,,,641,,3660,,888,9334,,,,2666,2919,,3718,,,,,,3097,1006,5188,,,,,,,,,,,,,,1957,,33,1867,1780,30000,,,,,,,,258,,,2195,,,,,,,,,,,,,1516,,,,,,,,,,,,,,,,,,,,,,3375,,270,,,,,,,,,,,,,,,,,,,,,,,,,,,,,,,,,,,,,,,,,,,,,,,,,,,,,,,,,,,,,,,,,,,,,,,,,38,,,,,,,,,715,30000,,,,,,,,,,,,,,,,,,,,,7694,,293,,,,,,,934,7244,,,,,4,22,35,228,,30000,,,,,,,,,,,,6537,,,,,,,,,,,,,,,30000,,,,
SAR-407899,,,,12,13,,,,,,,,,,,,,,,,,,,,,,,,,,,,,,,,,,,,,,,,,,,,,,,,,,,,,,,,,,,,8,10,16,,,,,,,,,,,,,,,,,,,,,,,,,,,,,,,,,,,,,,,,,,,,,,,,,,,,,,,,,,,,,,,,,,,,,,,,,,,,,,,,,,,,,,,,,,,,,,,,,,,,,,,,,,,,,,,,,,,,,,,,,,,,,,,,,,,,,,,,,,,,,,,,,21,,,19,8,16,17,,,,,,,,,,,,,,,,,,,,,,,,,,,,,,,,,,,,,
Y-39983,,2744,179,122,106,,572,762,,71,,,,,,,,,,,,,,,,,,,,,,1355,1103,924,,,,,,18,,,,,,,,,,,,,766,,,,,,,,,,2030,33,,,34,23245,,90,,,,,,,,,,,,,,,,,,,,,,,,,,,,,,,,,782,,,,,,,30000,,,,,,,,,,,,,,,,,,,,,,,,,,,,,,,,,,,,,,,,,,,,,,,,,,,,,,,,,,,,,,,,,,,,,,,,,,,,,,,,,,,,30000,,,,,,,,,,,,946,,,,,,34,3276,6032,253,28,9,8,,,,,,,,,,,,,,,,,,,,,,,,,,,,,,,,,,,,,
GSK-690693,,,,,,,,,,,,,,,,,,,,,,,,,,,,,,,,,275,428,,,,,,,,,,,,,,,,,,2701,,,,,,,,,,,,793,,,1726,,36,10,,,,,,88,1982,,,,,,,,,,,,,,,,,,,,,,,,,,,,,,,,,,,,,,,,1173,554,356,,,,,,,,,,,,,,,,,,,,,,,,573,2126,1106,,,,,,,,,,,,,,,,,,,,,,,,,,,,,,,,,,,74,,,,,,,,,,851,,,351,204,,,,,49,,,,,,,,,,,,,73,566,310,39,892,956,2676,,,,,,,,,,,,,,,,,,,,,,,,,,,,,,,,,,,,,
AT-13148,,,,,,,,,,,,,,,,,,,,,,,,,,,,,,,,,,,,,,,,,,,,,,,,,,,,,,,,,,,,,,,,,,,,15,14,,,,,,,,,,,170,,,,,,,,,,,,,,,,,,,,,,,,,,,,,,,,,,,,,,,,,,,,,,,,,,,,,,,,,,,,,,,,,,,,,,,,,,,,,,,,,,,,,,,,,,,,,,,,,,,,27,,,,,,,,,,,,,,,,,,,,,,,,,,,,,,,,44,,,25,9,26,27,,,,,,,,,,,,,,,,,,,,,,,,,,,,,,,,,,,,,
Ripasudil,,,,,,,3703,,,,8141,,1152,,,,,,,,,,,,,,,,,,,,,,,,,,,,,,,,,,,,,,,,,,,,,,,,11799,,,,571,,,,,,,,,,,,,,,,,,,,,,,,,,,,,,,,,,,,,,,,,,,,,,,3079,,,,,,,,,,,,,,,,,,,,,,,,,,,,,,,,,,,,,,,,,,,,,,,,,,,,,,,,,,,,,,,,,,,,,,,,,,,,,,,,,6017,30000,,,3269,1807,,,,,,,,,,,,,,2470,,,416,285,83,33,3699,,,,,,,,,,,,,,,,,,,,,,,,,,,,,,,,,,,,
Fasudil,,,,,,,6416,23341,,,,,,,,,,,,,,,,,,,,,,,,4251,,,,,,3480,4518,,,,,,,,,,,,,,,,,,,,,,,,,30000,247,,,,,,,,,,,,,,,,,,,,,,,,,,,,,,,,,,,,,,,,,,,,,,,,,,,,,,,,,,,,,,,,,,,,,,,,,,,,,,,,,,,,,,,,,,,,,,,,,,,,,,,,,,,,,,,,,,,4170,,,,,,,,1922,,,,,,,,,,,,,,,,,,,,,,,,4789,,,841,2599,943,906,2451,,,,,,,,,,,,,,,,,,,,,,,,,,,,,,,,,,,,
Hydroxyfasudil,,,,,,,2541,,,,,,,,,,,,,,,,,,,,,,,,,,,,,,,,,24056,,,,,,,,,,,,,,,,,,,,,,,,,,,,,,,,,,,,,,,,,,,,,,,,,,,23273,,,,,,,,,,,,,,,,,,,,,,,,,,,,,,,,,,3957,,,,,,,,,,,,,,,,,,,,,,,,,,,,,,,,,,,,,,,,,,,,,,,,,,,,,,,,,,,,,,,,,,,,,,,,,,,,,,,,,,,,,,,,,,2925,2260,1349,532,,,,,,,,,,,,,,,,,,,,,,,,,,,,,,,,,,,,,
AZD-5363,,,,,,,2246,2207,,,,,,,,,,,,,,,,,,,1900,,,,,,,,,,,,,,,,,,,,,,,,,,,,,,,,,,,,,,879,,,387,239,4246,513,,,,,297,,,,4859,,,,,,,,,,,,,,,,,,,,,,,,,,,,,,,,,,,,,,3883,2490,,,,,,,,,,,,,,,,,,,,,,,,,,,,,,,,,,,,,,,,,,,,,,,,,,,,,,,,,,,,,14103,1999,,,,,,,,,,,,,,,2711,1821,2445,,,,,,,,,,,,,,2809,1733,2431,1577,,324,706,,,,,1107,,,,,,,,,,,,,,,,,,,,,,,,,,,357,477,,,,
GSK-2110183,,,,,,,3911,,,,,,,,,,,,,,,,,,,,,,,,,,,,,,,,,,,,,,,,,,,,,,,,,,,,,,,,,4258,,,,133,211,,,,,,,,,,,,,,,,,,,,,,,,,,,,,,,,,,,,,,,,,,,,,,,,7,,,,,,,,,,,,,,,,,,,,,,,,,,,,,,,,,,,,,,,,,,,,,,,,,,,,,,,,,,,,,,,,,,,,,,,,,,,,,,,,,,,,,,,,,,,,,,,,21352,4879,880,,4733,2144,,,,,,,,,,,,,,,,,,,,,,,,,,,,,,,,,,,,,
Uprosertib,,,,,,,1188,2639,,,,,,,,,,,,,,,,,,,,,,,,,,,1127,,,,,,,,,,,,,,,,,,1682,,,,,,,,,,,,,,,10,49,,,,,,,,1230,,,,,,,,,,,,,,,,,,,,,,,,,,,,,,,,,,,,,,,,,440,,,,,,,,,,,,,,,,,,,,,,,,,,,,,,,,,,,,,,,,,,,,,,,,,,,,,,,,,,,,,,,,,,,,,,,,,,,2075,,,,,,,,,,,,,,,,,,,,1667,1180,76,,2277,1152,,,,,,,,,,,,,,,,,,,,,,,,,,,,,,,,,,,,,
Silmitasertib,,3,,,,5155,,,,,,,,,,,,,,,,,96,220,,,,,1688,514,1213,,17301,4850,7124,,3049,,,14,33,,,,,,,,,,,,,,,,,,1112,,,1237,2080,,,,,,,,,,,,,,,,,,,,,,,,,,,,3663,,,,,,,,1661,884,,,,,1241,,,,,,,,,,,,,,,,,,,,,,,,10,26,672,,,,,,,,,,,,,,,,,,,,,,,,,,,,,,,,,,,,,,,,,,2382,1056,,,,,,,2965,,,,,,,,,,5920,,3184,,3424,344,15389,1606,,6167,,,,,3504,,,,,,,,,,20414,,,,,,,,,,,,,,,5298,,,,2177,,,,,,,,,,,,,,,,,,,,,
Defactinib,,1201,,,,,,,,,,622,1464,3,1303,423,11269,,,,,,,30000,,,,,,1414,,1790,1462,1322,1744,2259,,730,3107,,9121,,,,,,,,,893,,,,,,,2604,,,,10759,,3227,,,,,,,,,,,,,,,,,,,,,,,,,,,,,,,,,,,,,,,,,,,,,,,,,,,,,,,,,,,,,,,,,,,,,,,,,,,,,,,,,,,,,,,,,,,,,,,,,,,,,,,,,,,,,,,,,,,,,9050,902,,,2450,4950,,,897,,,,,2601,4490,,,,,21950,,918,,,,,,,,3135,,,,,,,,,,,,,340,27542,,,,,,,,,,,,,,,,,,,,,,,,,,,,,,,,
PF-562271,,998,2958,,,,2080,,,,,627,1036,3,814,79,,,,,,,,7790,,,,2018,1073,479,1994,1354,845,707,1334,2637,1510,,4503,363,,89,,,,,,,,138,,,,,,,,,,,11888,,,,,,,,,,,,,,,,,,,,626,,,,,,,,,,,,,,,,,,,,1711,,,,,,,,1934,,,,,,1237,,,,,,,,,,,,,,,,,,,,,,,,,,,,,,,,,,,,,,,,,,,,,,,,,,,,,,,,,,,,,,,,,,444,,,5932,2845,3428,140,1706,2693,,,,2290,2314,,,,,1239,,,,,,,,,,3984,,,,,,7959,,,,,,,1324,,,,,,,,,,,,,,,,,,,,,,,,,,,,,,,,,
Alvocidib,,6582,,,,,1316,857,,,,,,,,,,,,,,,,,,,,,1337,107,1092,7,971,740,675,921,1516,157,1814,,910,6,,3259,,,,,,,,,,,,,,,,,,,,738,,14020,30000,,,,,,,,,,,,,,,,,,,,,,,,,,,,,,5460,,,,,,,,,,,,,,,,,,,,,,,,,,,,,,,,,,,,,,,,,,,,,,,,,,,,,,,,,,,,,,,,,,,,,,,,,,,,3468,,,,,,,,,,1949,,,,,,,,,,,,,,,,,,,,,1379,,,,,,,,1592,,,9598,,,,,,,,,,,,,,,,,,,,,,,,,,,,,,,,,,,,,,,,
Dinaciclib,,,,,,,,,,,,,,,,,,,,,,,,,,,,,90,91,125,7,1475,1430,411,560,1216,32,21,714,,778,1145,32,,,,,,,,,,,,,,,,,2439,,17866,,,,,,,,,,,,,,,,,,497,,,,,,,,,,,,,,,98,,2233,,271,,,,,,,,,,,,,,,,,,,,,,,,,,,,,,,,,,,,,,,,,,,,,,,,,,,,,,,,,,,,,,,,,,,,,,,,,,,,,,,,,,,,,,,,,,,,,,,,,,,,,,,,,,,,,,,,,,,,,,,,,,,,,,,,,,,,,,,,,,,,,,,,,,,,,,,,,,,
AT-7519,,,,,,,,,,,,,,,,,,,,,,,,,,,,,169,1463,8,7,33,58,4061,,1406,250,203,4466,1098,7,131,1305,,,,,,,,,,,,,,,,,6396,,933,,,,,,,,,,,,253,,,,,,,,,,,,,,,,,,,,,,,737,,,,,,,,,,,,,,,,,,,,,,,,,,,,,,,,,,,,,,,,,,,,,,,,,,,,,,,,,,,,,,,,,,,,,,,,,,,,,,,,,,,,,,,,,,,,,,,,,,,,,,,,,,,,,,,,,,,,,,,,,,,,,,,,,,,,,,,,,,,,,,,,,,,,,,,,,,,,,
BMS-387032,,,,,,,,3139,,,,,,,,,,,,,,,,,,,,1663,205,3982,113,34,193,299,1002,1108,1228,167,356,1841,3443,3,3964,142,,,,,,,,,,,3819,,,,,,,,,,,,,,,,,,,,4413,,,,,,,,,,,,,,,,,,,,,,,,,,,,,,,,,,,,,,,,,,,,,,,,,,,,,,,,,,,,,,,,,,,,,,,,,,,,,,,,,,,,,,,,,,,,,,,,,,,,,,,,,,,,,,,,,,,,,,,,,,,,,,,,,,,,,,,,,,,,,,,,,,,,,,,,,,,,,,,,,,,,,,,,,,,,,,,,,,,,
SB-1317,,2302,,,,,474,557,,,,,,,,,,,,,,,9954,6370,1364,5087,850,,243,930,35,3,579,447,473,,,5635,,,,,,,,,1457,2307,,,,,,,2381,,,,,,2856,,,,,,,,,,,,,,,,,,,,,,,,,,,,,,,,,,,,,1070,,,,,,,,,1073,,,,,,,,,,,,,,,,,,,,,,,,,,,,,,,,,,,,,,,,,,,,,,,,,,,,,,,,,,,,,,,,,,,,,,,,,,,,,1802,311,,,,,,,,,,,,,,,,,,,,,,,,,2011,,996,885,4321,1689,,,,,,286,,,,,,,,,,,,,,,,,,,,,,,,,,,,,,,,,,
PHA-793887,,,,,,,103,65,,,,,,,,,,,,,,,,,,,,,98,135,444,218,29,12,8,10,2565,3657,3582,2184,,,,,,,,,,,,,,,,,,,,,,,,,,,,,,2341,,,,,,,,,,,,,,,,,,,,,,,,,,,,,,,,,,,,,264,,,,,,,,,2330,,,,,,,,,,,,,,,,,,,,,,,,,,,,,,,,,,,,,,,,,,,,,,,,,,,,,,,,,,,,,,,,,,,,,,8,,,,,,,,,,,,,864,,,,,,1002,,,,,,,,,,,,,,,,,,,,,,,,,,,,,,,,,,,,,,,,,,,,,,,,,,
AZD-5438,,1882,826,228,,,2314,,,,,,,,,,,,,,,,,,,,,,721,627,,320,55,62,2332,,,,,,,,,,,,1676,1898,,,,,3238,,1169,,,,,,,,,,,,,,,,,,,,,,,,,,,,,,,,,,,,,,,,,,,,,,,,,,,,,,,,,,,,,,,,,,,,,,,,,,,,,,,,,,,,,,,,,,,,,,,,,,,,,,,,,,,,,,,,,,,,,,,,,,,,,,,,,,,,,,,,,,,,,,,,,,,,,,,,,,,,,,,,,,,,,,771,,,,,,,,,,,,,,,,,,,,,,,,,,,,,,,,,,
R-547,,,,,,,,,,,,,,,,,,,,,,,1282,157,,,,,5,12,,25,30000,,466,,77,1208,,,,,,,,,,,,,,,,,,,,,,,,,,,,,,,,,,,,,,,,,,,,,,,,,,,,,,,,,,,,,,,,,,,,,,,,,,,,,,,,,,,,,,,,,,,,,,,,,,,,,,,,,,,,,,,,,,,,,,,,,,,,,,,,,,,,,,,,,,,,,,,,,,,,,,,,,,,,,,,,,,,,,,,,,,,,,,,,,,,,,,,,,,,,,,,,,,,,,,,,,,,,,,,,,,,,,,,,,
Momelotinib,,302,422,4,3,822,531,650,790,859,,,,,,,,,,,,,,,,,,,2113,,1162,741,,,,,,,,,,,,,,1191,599,1137,,1281,474,,,,,,,,,,,,,313,,,,,,,,,,,,,,,,,,,,,,,,,,,,,,,,,,,,,,,,,,,,,,,,,,,,,,,,,,,,,,,,,,,,,,,,,,,,,,,,,,,,,,,,,,,,,,,,,,,,,,,,,,,,,401,,,,,286,,,,200,562,,,,,,,,,,614,417,,,,,,,,666,597,,,,,,,,291,,,,,,219,1362,,,,,,,,,,,,,,,,,,,,,,,,,,,,,,,,,,,,,
XL-019,,7149,20,6,7,50,30000,2957,300,206,908,,,,,,,,,,,1118,,,,,,,,,,,,,,,,,,,,,,,,,844,,202,,2186,,,,,,,,1595,,,,,3619,,,,,,,,,,,,,,,,,,,,,,,,,,,,,,,,,,,,,,,,,,,,,,,,,,,,,,,,,,,,,,,,,,,,,,,,,,,,,,,,,,,,,,,,,,,,,,,,,,,,,,,,,,,,,,,,,,353,390,3790,,342,561,,,,,,,,,,3200,1609,,,,,,,,,,,,,,,,,297,,,,,,3974,,,,,12492,1328,,,,,,,354,,,,,,,,,,,,,,,,,,,,,,,,,
Midostaurin,,,528,413,293,,,,1149,,213,477,2409,,2985,,863,303,,,,,,,,,,,,,,,,,,,,,,,,,,,,,,,,,,,,,,,,,,,,,,,,,,,,,,,,,,,,,,,,,,,,,,,,,,,,,,,,,2047,,,,,,,,,,,,,,,,,,,,,,,,,,,,,,,,,,,,,,,,,,,,,,,,,,,,,,,,,,,,,,,,,,,,,,,,,,,,,,9226,,,,799,443,188,,,,,,,,,3497,759,1090,419,9128,12843,1168,,,,588,380,3616,,,,,,,,,,,189,,,,,,3759,341,19822,,,,,,,,,,,,,,,,,,,,,,,,,,,,,,,,
Baricitinib,,,216,46,78,4862,,,,,,,,,,,,,,,,,,,,,,,,,,,,,,,,,,,,,,,,,,,,,,,,,,,,,,,,,,4361,,,,3597,,,,,,,,,,,,,,,,,,,,,,,810,,,,,,,,335,,,,,,,,,,,,,,,,,,,,,,,,,,,,,,,,,,,,,,,,,,,,,,,,,,,126,,,,,,,,,,,,,,,,,,,,,,,,,,,,,,,,,,,,,,,,,,,125,104,,,,,,,,312,243,,,,,,,,,1075,2071,26324,104,269,756,482,,,,,973,,,,,,,,,,,,,,,,,,,,,,,,,,1891,,,,,,
Ruxolitinib,,3796,5878,1351,196,,,,,,,,,,,,,,,,,,,,,,,,,,,,,,,,,,,3233,2893,,,,,,,,,,,,,,,,,,,,,,,15995,,,,,,,,,,,,,,,,,,,,,,,,,,,,,,,5,,196,12942,,,,,,,,,,,,,,,,,,,,,,,,,,,,,,,,,1187,,,,,,,,,,,,,,,,,,,,,,,,,,,,,,,,,,,,,,,,,,,,,,,29867,,,1900,,,,,,,,,,8560,,11103,14828,,,,,,,,310,259,,4404,,,,,,,,16494,,3050,,5947,819,,,,,1558,,,,,,,,,,,,,,,,,,,,,,,,,,,,,,,,
Fedratinib,,2619,519,359,277,46,,,1008,,1954,,2327,172,,,,1419,,,,,,,,,,,,,,,,,,,,,,,,,,,,,2223,1571,231,566,1634,,,,,,1951,,,,,,,,,,,,,,,,,,1311,,,,,,,,,,,,,,,,,,,,,,,,,,,,,,,,,,,,,,,,,,,,,,,,,,,,,,,,,,,,,,,,,,,,,,,,,,,,,,,,,,,,,,,,,,,,,,,,,,,,,,,,,,,2264,2230,,,,,,,,,,,,,,,,,,,,,,,,,,,,,,,,,,,,4314,1310,1415,670,1638,,,,1727,,,,,,,,,,,,,,,,,,,,,,,,,,,,
R-406,,103,,,,,,,890,,173,,,,,,,,,,,,,,,,,,,,,,,,,,,,,,,,,,892,,2332,1827,24,95,180,3080,,,,,,,,,,,,,,,,,,,,,,,,,,,,,,,,,,,,,,,,,,,,,,,,,,,,,,,,,,,,,,,,,,,,,,,587,,,,,,,,,,,,,,,,,,,,,,,,229,,,,,,,,,,,,,,,,,,,,,,,,,,,,,,1419,,,,29,176,345,,,,,,,,,,,,,,,,562,,,,,,,,,,,,272,,,,,,,,,,43,18,39,417,1913,,,,,,,,,,,,,,,,,,,,,,,,,,,,,,
CC-401,,584,1467,2608,2529,1464,56,90,,,,,,,,,,,,,,,,,,,,,,,,,,,,,,,,,161,,,,,3243,636,340,,,,30000,5161,285,287,,,,,,,,,,,,,,,,,,,,,,,,,,,,,,,,,,,,,,,,,,,,,,105,282,97,,,,,,,,,,,,,,,,,,,,,,,,,,,,,,,,,,,,,,,,,,,,,,,,,,,,,,,,,,,,,,,,,,,,,,,,,,,,,,,,,,,,,217,,,,,,,,,,,,,,,,,,4172,2343,483,,,,,,,,,,,1413,,,,,,,,,,,,,,,,,,,,,,,,,,,,,,,,,,,,
GSK-1059615,,17,402,35,78,7442,,,,,,,,,,,,,,18457,5248,,317,4315,,,,,,,,,,,,,,,,25,314,,,,,,,,,,,,,,21528,,,,,,,205,3,,,,,,,,,,,,,,,,,,,,,,,,,,,,,,,,,,,,,,968,17463,2861,3,58,,,,,,,,,,,,,,,,,,,,,,,,,,,,,,,,,,,,,,,,,,,,,,,,,,,,,,,,,,,,,,,,,,,,,,,,,,,,,,,,,,,,,499,,,,,,,,,,,,,,,,,,,,,,,,,,,,,,,8673,,,,,,,,,,,,,,,,,,,,,,,,,,,,,,,,,,
Decernotinib,,3229,5754,4253,2644,,,,,,1961,,,,,,,,,,,,71,58,,,,,,,,1870,,,,,,,,,,139,,,,,,,,,,,,,,,,,,,7870,,3407,,,561,116,,,,,,,,,,,,,,,,,,,,,,,,,,,,,1135,,,,,,,,,2830,,,,,,,,,,,,,,,,,,,,,,,,,,,,,,,,,,,,,,,,,148,,,,,,,,,,,,,,,,,,,,,,,,,,,,,4445,,,,,,,,,,,,,,,,,,2310,562,,,,,,,,20301,,,,,,,,,,67,117,426,30000,,30000,13462,,,,,,,,7071,,,,,,,,,,,,,,,,,,,,,,,,,,,,,
Ruboxistaurin,,,2199,1476,1311,,,,,,,,,,,,,,,,,,2787,2264,,,,,,,,,7206,5063,,,,,,,1103,,,,,,,,,,,,,,,,,,,,,3799,,,,,,,,,,,,,,,,,,,,,,,,,,,,,,,,,,,,,,,,,,,,,,,,,,,,,,,,,,,,,,,,,,,,,,,,,,,,,,,,,,,,,,,,,,,,,,,,,,,,,,,,,,,,,,,,,,,,,,,,,,,,,,,,,22726,30000,,,276,,,,,,,,,,,,,,,,,67,23,198,,,,,,,,,,,,,,,,,,,,,,,,,,,,,,,,,,,,,,,,,
Enzastaurin,,,,,,,,,,,,,,,,,,,,,,,,,,,,,,,,,246,190,,,,,,,,,,,,,,,,,,,,,,,,,,,,,,,,,,,,,,,,,,,,,,,,,,,,,,,,,,,,,,,,,,,,,,,,,,,,,,,,,,,,,,,,,,,,,,,,,,,,,,,,,,,,,,,,,,,,,,,,,,,,,,,,,,,,,,,,,,,,,,,,,,,,,,,,,,,,,,,,,,,,,,,,,,,,,,,,,,2519,524,2897,,,,,,,,,,,,,,,,,,,,,,,,,,,,,,,,,,,,,,,,,
Sotrastaurin,,,,,,,,,,,,,,,,,,,,,,,,,,,,,,,,,1201,709,,,,,,,,,,,,,,,,,,,,,,,,,,,,,,,,,,,,13,,,,,,,,,,,,,,,,,,,,,,,,,,,,,,,,,,,,41,,,,,,,,,,,,,,,,,,,,,,,,,,,,,,,,,,,,,,,,,,,,,,,,,,,,,,,,,,,,,,,,,,,,,,,,,,,,,,,,,,,,,,,,,1572,,,,,,,,,,,1580,,,,,,5,13,24,,,,,,,,,,,,,,,,,,,,,,,,,,,,,,,,,,,,,,,,,
SCH-900776,,279,,,,,6411,,270,,,,,,,,,,609,,2364,,4392,2085,,,,,,,,,,,,,,,,,,,,,,,,,,,,,,,,,,,,,,19316,,,,,,,,,,,,,,,30000,,,,,,,,4725,,,,,,,,,,,,,,,,,,,,,,,,,,,,,,,,,,,,,,,,,,,,,,,,,,,,,,,,,,,,,,,,,,,,,,,,,,,,,,,,,,,,,,,,,,,,,,,4616,,,,,,,,4695,,,,,,1932,1269,,,,,11,,,,,,,,189,,,,1641,,,,,,,2359,,,,,,,,,,,,,,,,,,,,,,,,,,,,,,,,,,,,
SGI-1776,,7924,8535,,,8634,,,6124,,,,,,,,,,,,,1607,2159,3588,,,,,,,,,,,,,,,,,,,,,,,,,,,,,,,,,,,,,,43,,,,,,,,,,,,,,,,,,,,,,,,,,,,,,,,,,,,,,,,,,,,,,,,,,,,,,,,,,,,,,,,,,,,,,,,,,,,,,,,,,,,,,,,,,,,,,,,,,,,,,,,,,,,,,,,,,,,,,,,,,,,,,,,,,,,,23762,,,,,,,,,,,,,,,,,,,,30000,,,,,458,26,143,3217,,,,,,,,,,,,,,,,,,,,,,,,,,,,,,,,
MK-1775,,412,,,,418,,,,,,,,,,,,,,,,,,,,,,,,,2668,,,,,,,,,,,,,,,,,,1896,,,,,,,52,12,,,,,,,,,,,,,,,,,,,,,,,,,,,,,,,,,,,,,,,,,,,,,,,,,,,,,,,,,,,,,,,,,,,,,,,,,,,,,13,1440,,,,,,,,,,,,,,,,,,,,,,,,,,,,,,,,,,,,,,,,,,,837,,,2023,2057,1629,,,,,,,,,,,,,,,,,,,,,,,,,,,,,,,,,,,,,,,,,,,,1907,3474,,,,,,,,,,,,,,,,,,,,,,,,,337,,
Encorafenib,,,,,,,,,,,,,,,,,,,,,,,,,,,,,,,,,5259,425,,,,,,,,,112,,,,1865,915,,,,,3334,,,1437,,,,247,3325,,,,,,,,,,,,,,,,,,,,,,124,732,,,,,,,,,,,,,,,,,,,,,,,,,,,,,,,,,,,,,,,,,,,,,,,,,,,,,,,,,,,,,,,,,,,,,,,,,,,,,,,,,,,,,,,,,,,,,,,,,812,,,,,,,,,,,,,,,,,,,,,,,,,,,,,,,,,,,,,,,,,,,,,,,,323,14742,,,785,967,,,,,,,,,,,,,,,,26,96,,,,
Tanzisertib,,,,,,156,,,,2981,,,,,,,,,,,,,,,,,,,,,,,,,,,,,,,,,,,,3,17,3,,,,,,,,,,,,,,,,,,,,,,,,,,,,,,,,,,,,,,,,,,,,,,,,,,,,,,,,,,,,1356,,,,,,,1233,3692,,,,,,,,,,,,,,,,,,,,,,,,,,,,,,,,,,,,,,,,,,,,,,,,,,,,,,,,,,,,,,,,,,,,,,,,,,,,,,,,,,,,,,,,,,,,,,,,,,,,,,,,,,,,,,,,,,934,,729,,,,,,,,,,,,,,,,,,2173,1840,,,,
Ravoxertinib,,,2985,401,466,27114,,,,,,,,,,,,,,,,3988,,,,,,378,,,,,2186,599,,,,,5744,,,,,,,,,,,,,,,,,,,,,,,,230,,,,,,,,,,,,,,,,,17728,,,,,,,,,,,,,,,,,,,,,,,,,,,,,,,,,,,22,19,,,,,,,,,,,,,,,,,,,,,,,,,,,,,,,,,117,,,,,,,,,,,,,,,,,,,,,,,,,,,,,,,,,,,,,,,,,,,,,,,,,,,,,,,,,,,,,,,,,,,,,,,5859,,,,,,,,,,,,,,,,,,,,,,,,,,,,,,,,,,,
Ceritinib,,,,,,,,,,,7100,,,218,214,18357,27,929,,,,,,,,,,,,,,,,,,,,,,,,,,,,,,,,,,,,,,,,,,,,,,,,,,,,,,,,,9851,,,,,,,,,,,,,,,,,1742,19217,3887,,,635,,,,,,,,,,,,,,,,,,,,,,,,,,,,,,,,,,,,,,,,,,,,,,,,,,,,,,,,,,,,,,,,,,,,,,,,,,,,,,,,,,,,,,,,,,,,,,21402,,,,,,,,,,,,,5429,,,,,,,,,,,,,,,,,,4255,,,,,,,,,,,,,,,,,,,,,,,,,,,,,,,,,
Rociletinib,498,,,,,450,,,,,,,,433,1110,,289,,,,,,,,,,,,,,,,,,,,,,,651,,,,,,,,,,,,,,,,,,,,,,,,,,,,,,,,,,,,,,,,,,,,,,,,,,,,1194,,,,,,,,,,,,,,,,,,,,,,,,,,,,,,,,,,,,,,,,,,,,,,,,,,,,,,,,,,,,,,,,,,,,,,,,,,,,,,,,,,,,,,,,,,,,,,,,,,,,,,,,,,,,,,,,,,,,,,,,,,,,,,,,,,,,,,,,,,,,,,,,,,,,,,,,,,,547,288,,,,,,,
Afatinib,3,,,,,1771,,,,,,,,,,,,,,,,,,,,,,,,,,,,,,,,,,,,,,,,,,2543,,,,,,,,,,,,,,,,,,,,,,,,,,,,,,,,,,,,,,,,,,,,,,,,,,,,,,,,,,,,,,,,,,,,,,,,,,,,,,,,,,,,,,3493,,,,,,,,,,,,,,,,,,,,,,,,,,,,,,,,,,,,,,,,,,,,,,,,,,,,,,,,,,,,,,,,,,,,,,,3384,,,,,,,,,,,,,,,,,,,,,,,,,817,2811,1047,,,,,,,,,,,,,,,,,,,,,,,
Losmapimod,,,,,,,,,,,,,,,,,,,,,,,,,,,,,,,,,,,,,,,,,,,,,,,,,,,,,,,,,,,,,,,,,,,,,,,,,30000,,,,,,,,,,,,,,,,,,,,,,,,,,,,,,,,,,,,,,,,,,,,,,,,,,,,,,,,,,,,,,,,,,,,,,,,,,,,,,,,,,,,,,,,,,,,,,,,,,,,,,,,,,,,,,,,,,,,,,,,,,,,,,,,,,,,,,,,,,,,,,,,,,,,,,,,,,,,,27,29,9,,,,,,,,,,,,,,,,,,,,,,,
VX-702,,,,,,,,,,,,,,,,,,,,,,,,,,,,,,,,,,,,,,,,,,,,,,,,,,,,,,,,,,,,,,,,,,,,,,,,,,,,,,,,,,,,,,,,,,,,,,,,,,,,,,,,,,,,,,,,,,,,,,,,,,,,,,,,,,,,,,,,,,,,,,,,,,,,,,,,,,,,,,,,,,,,,,,,,,,,,,,,,,,,,,,,,,,,,,,,,,,,,,,,,,,,,,,,,,,,,,,,,,,,,,,,,,,,,,3,5,7,,,,,,,,,,,,,,,,,,,,,,,
PH-797804,,,,,,,,,,,,,,,,,,,,,,,,,,,,,,,,,,,,,,,,,,,,,,,,,,,,,,,,,,,,,,,,,,,,,,,,,,,,,,,,,,,,,,,,,,,,,,,,,,,,,,,,,,,,,,,,,,,,,,,,,,,,,,,,,,,,,,,,,,,,,,,,,,,,,,,,,,,,,,,,,,,,,,,,,,,,,,,,,,,,,,,,,,,,,,,,,,,,,,,,,,,,,,,,,,,,,,,,,,,,,,,,,,,,,,,102,5,,,,,,,,,,,,,,,,,,,,,,,
Talmapimod,,,,,,,,,,,,,,,,,,,,,,,,,,,,,,,,,,,,,,,,,,,,,,,,,,,,,,,,,,,,,,,,,,,,,,,,,,,,,,,,,,,,,,,,,,,,,,,,,,,,,,,,,,,,,,,,,,,,,,,,,,,,,,,,,,,,,,,,,,,,,,,,,,,,,,,,,,,,,,,,,,,,,,,,,,,,,,,,,,,,,,,,,,,,,,,,,,,,,,,,,,,,,,,,,,,,,,,,,,,9918,,,,,,,,,,,,,8,,,,,,,,,,,,,,,,,,,,,,,
RDEA-436,,,,,,,,,,,,,705,,,,,,,72,27,,,,,,,,,,,,,,,,,,,,,,,,,,,,1319,,,,,,,,,,,,,,,,,,,,,,,,,,,,,,,,,,,,,,,,,,,,,,,,,,,,,,,,,,,,,,,,,,,,,,,,,,,,,,,,,,,,,,,,,,,,,,,,,,,,,,,,,,,,,,,,,,1285,,,,,,,,,,,,,,,,,,,,,,,,,,,,,,,,,,,,,,,,,,,,,,,,,,,,,,,,370,1264,,,,,,,,,,,,,,,,,,,,,,,,,,,,,,,,,,,
Refametinib,,,,,,,,,,,,,,,,,,,,130,176,,,,,,,,,,,,,,,,,,,,,,,,,36,,,,,,,,,,,,,,,,,,,,,,,,,,,,,,,,,,,,,,,,,,,,,,,,,,,,,,,,,,,,,,,,,,,,,,,,,,,,,,,,,,,,,,,,,,,,,,,,,,,,,,,,,,,,,,,,,,,,,,,,,,,,,,,,,,,,,,,,,,,,,,,,,,,,,,2817,,,,439,,,,,,,,,,,,,,,,,,,,,,,,,,,,,,,,,,,,,,,,,,,,,,,,,,,,,,,
Selumetinib,,,1624,1279,807,,,,,,,,,,,,,,,41,52,,,,,,,,,,,,,,,,,,,,,,,,,,,,,,,,,,,,,,,,,,,,,,,,,,,,,,,,,,,,,,,,,,,,,,,,,,,,,,,,,,,,,,,,,,,,,,,,,,,,,,,,,,,,,,,,,,,,,,,,,,,,,,,,,,,,,,,,,,,,,,,,,,,,,,,,,,,,,,,,,,,,,,,,,,,,,,,,,,,,,,,,,,,,,,,,,,,,,,,,,,,,,,,,,,,,,,,,,,,,,,,,,,,,,,,,,,
Ro-4987655,,,,,,,,,,,,,,,,,,,30000,19,6,,,,,,,,,,,,,,,,,,,,,,,,,,,,,,,,,,,,,,,,,,,,,,,,,,,,,,,,,,,,,,,,,,,,,,,,,,,,,,,,,,,,,,,,,,,,,,,,,,,,,,,,,,,,,,,,,,,,,,,,,,,,,,,,,,,,,,,,,,,,,,,,,,,,,,,,,,,,,,,,,,,,,,,,,,,,,,,,,,,,,,,,,,,,,,,,,,,,,,,,,,,,,,,,,,,,,,,,,,,,,,,,,,,,,,,,,,
PD-325901,,,,,,,,,,,,,,,,,,,808,12,12,,,,,,,,,,,,,,,,,,,,,,,,,,,,,,,,,,,,,,,,,,,,,,,,,,,,,,,,,,,,,,,,,,,,,,,,,,,,,,,,,,,,,,,,,,,,,,,,,,,,,,,,,,,,,,,,,,,,,,,,,,,,,,,,,,,,,,,,,,,,,,,,,,,,,,,,,,,,,,,,,,,,,,,,,,,,,,,,,,,,,,,,,,,,,,,,,,,,,,,,,,,,,,,,,,,,,,,,,,,,,,,,,,,,,,,,,,
AZD-8330,,,,,,,,,,,,,,,,,,,2657,24,15,,,,,,,,,,,,,,,,,,,,,,,,,,,,,,,,,,,,,,,,,,,,,,,,,,,,,,,,,,,,,,,,,,,,,,,,,,,,,,,,,,,,,,,,,,,,,,,,,,,,,,,,,,,,,,,,,,,,,,,,,,,,,,,,,,,,,,,,,,,,,,,,,,,,,,,,,,,,,,,,,,,,,,,,,,,,,,,,,,,,,,,,,,,,,,,,,,,,,,,,,,,,,,,,,,,,,,,,,,,,,,,,,,,,,,,,,,
Ro-5126766,,,,,,,,,,,,,,,,,,,1996,30,37,,,,,,,,,,,,,,,,,,,,,,,,,,,,,,,,,,,,,,,,,,,,,,,,,,,,,,,,,,,,,,,,,,,,,,,,,,,,,,,,,,,,,,,,,,,,,,,,,,,,,,,,,,,,,,,,,,,,,,,,,,,,,,,,,,,,,,,,,,,,,,,,,,,,,,,,,,,,,,,,,,,,,,,,,,,,,,,,,,,,,,,,,,,,,,,,,,,,,,,,,,,,,,,,,,,,,,,,,,,,,,,,,,,,,,,,,,
Binimetinib,,,,,,,,,,,,,,,,,,,,45,36,,,,,,,,,,,,,,,,,,,,,,,,,,,,,,,,,,,,,,,,,,,,,,,,,,,,,,,,,,,,,,,,,,,,,,,,,,,,,,,,,,,,,,,,,,,,,,,,,,,,,,,,,,,,,,,,,,,,,,,,,,,,,,,,,,,,,,,,,,,,,,,,,,,,,,,,,,,,,,,,,,,,,,,,,,,,,,,,,,,,,,,,,,,,,,,,,,,,,,14700,,,,,,,,,,,,,,,,,,,,,,,,,,,,,,,,,,,,
Cobimetinib,,,,,,,,,,,,,,,,,,,,309,22,,,,,,,,,,,,,,,,,,,,,,,,,,,,,,,,,,,,,,,,,,,,,,,,,,,,,,,,,,,,,,,,,,,,,,,,,,,,,,,,,,,,,,,,,,,,,,,,,,,,,,,,,,,,,,,,,,,,,,,,,,,,,,,,,,,,,,,,,,,,,,,,,,,,,,,,,,,,,,,,,,,,,,,,,,,,,,,,,,,,,,,,,,,,,,,,,,,,,,,,,,,,,,,,,,,,,,,,,,,,,,,,,,,,,,,,,,
Trametinib,,,,,,,,,,,,,,,,,,,,62,9,,,,,,,,,,,,,,,,,,,,,,,,,,,,,,,,,,,,,,,,,,,,,,,,,,,,,,,,,,,,,,,,,,,,,,,,,,,,,,,,,,,,,,,,,,,,,,,,,,,,,,,,,,,,,,,,,,,,,,,,,,,,,,,,,,,,,,,,,,,,,,,,,,,,,,,,,,,,,,,,,,,,,,,,,,,,,,,,,,,,,,,,,,,,,,,,,,,,,,,,,,,,,,,,,,,,,,,,,,,,,,,,,,,,,,,,,,
Pimasertib,,,,,,,,,,,,,,,,,,,,29,38,,,,,,,,,,,,,,,,,,,,,,,,,,,,,,,,,,,,,,,,,,,,,,,,,,,,,,,,,,,,,,,,,,,,,,,,,,,,,,,,,,,,,,,,,,,,,,,,,,,,,,,,,,,,,,,,,,,,,,,,,,,,,,,,,,,,,,,,,,,,,,,,,,,,,,,,,,,,,,,,,,,,,,,,,,,,,,,,,,,,,,,,,,,,,,,,,,,,,,,,,,,,,,,,,,,,,,,,,,,,,,,,,,,,,,,,,,
TAK-733,,,,,,,,,,,,,,,,,,,,21,20,,,,,,,,,,,,,,,,,,,,,,,,,,,,,,,,,,,,,,,,,,,,,,,,,,,,,,,,,,,,,,,,,,,,,,,,,,,,,,,,,,,,,,,,,,,,,,,,,,,,,,,,,,,,,,,,,,,,,,,,,,,,,,,,,,,,,,,,,,,,,,,,,,,,,,,,,,,,,,,,,,,,,,,,,,,,,,,,,,,,,,,,,,,,,,,,,,,,,,,,,,,,,,,,,,,,,,,,,,,,,,,,,,,,,,,,,,
Alectinib,,,,,,259,,,,,,,,,3758,,,,,,,,,,,,,,,,,,,,,,,,,29881,,,,,,,,,,,,,,,,,,,,,,,,,,,,,,,,,,,,,,,,,,,,,,,,,,,,,,,,,,,,,,,,2320,,,,,,,,,,,,,,,,,,,,,,,,,1397,,,,,,,,,,,,2602,,,,,,,,,,,,,,,,,,,,,,,,,,,,193,,,,,,,,,,,,,,,,,,,,,,,,,,,,,,,,,,,30000,1711,,,,,,,,,,,,,,,,,,369,,,,,,,,,,,,,,,,,,,,,,,,,,,,,,,,
BI-2536,,,,,,4816,1939,,,,,,,437,,,,,,,,,,,,,,,,,,,,,,,,,,,,,,,,,,,,,,3801,,7211,,,,,2440,,,,,,,,,,,,,,,,,,,,,,,,,,,,,,,,,,,,,,,,,,,,,,,,,,,,,,,,,,,,,,,,,,,,,,,,,387,,,,,,,,,,,,,,,,,,,,,,,,,,,,,,,,,,,,,,,,,,,,,,,,,,,,,,,,,,,,,,,,,,,,,,,,258,2097,,,,,,,,,,,,,,,,,,,,,,,,,,,,,,,,,,,,,,,,,,,,,,,,,,
Volasertib,,,,,,,,,,,,,,601,,,,,,,,,,,,,,,,,,,,,,,,,,,,,,,,,,,,,,,,,,,,,,,,,,,,,,,,,,,,,,,,,,,,,,,,,,,,,,,,,,,,,,,,,,,,,,,,,,,,,,,,,,,,,,,,,,,,,,286,,,,,,,,,,,,,,,,,,,,,,,,,,,,,,,,,,,,,,,,,,,,,,2965,,,,,,,,,,,,,,,,,,,,,,,,,,195,,,,,,,,,,,,,,,,,,,,,,,,,,,,,,,,,,,,,,,,,,,,,,,,,,,
ONO-4059 analogue,19,,,,,,,,,,,,,,,,,,,,,,,,,,,,,,,,,,,,,,,,,,,,,,,,,,,,,,,,,,,,,,,,,,,,,,,,,,,,,,,,,,,,,,,,,,,,,,,,,,,,,,,,,,,,,,,,,,,,,,,,,,,,,,,,,,,,,,,,,,,,,,,,,,,,,,,,,,,,,,,,,,,,,,,,,,,,,,,,,,,,,,,,,,,,,,,,,,,,,,,,,,,,,,,,,,,,,,,,,,,,,,,,,,,,,,,,,,,,,,,,,,,,,,4,,,,,,,,
AV-412,10,,,,,,,,,,,,,,,,,,,,,,28643,13417,,,,,,,,,,,,,,,,,,,,,,,,,,,,,,,,,,,,,,,,,,,,,,,,,,,,,,,,,,,,,,,,,,,,,,,,,,,,,,,,,,,,,,,,,,,,,,,,,,,,,,,,,,,,,,,,,,,,,,,,,,,,,,,,,,,,,,,,,,,,,,,,,,,,,,,,,,,,,,,,,,,,,,,,,,,,,,,,,,,,,,,,,,,,,,,,,,,,,,,,,,,,,,,,,,,6267,,,,,,,,,,,,345,422,7960,,,,,,
Osimertinib,155,,,,,,,,,,,,,,,,,,,,,,,,,,,,,,,,,,,,,,,,,,,,,,,,,,,,,,,,,,2973,,,,,,,,,,,,,,,,,,,,,,,,,,,,,,,,,,,,,,,,,,,,,,,,,,,,,,,,,,,,,,,,,,,,,,,,,,,,,,,,,,,,,,,,,,,,,,,,,,,,,,,,,,,,,,,,,,,,,,,,,,,,,,,,,,,,,,,,,,,,,,,,,,,,,,,,,,,,,,,,3658,,,,,,,,,,,,,,,,,,,,,,,,,,,,525,321,,,,,,,
Varlitinib,5,,,,,,,,,,,,,,,,,,,,,,,,,,,,,,,,,,,,,,,,,,,,,,,,,,,,,,,,,,,,,,,,,,,,,,,,,,,,,,,,,,,,,,,,,,,,,,,,,,,,,,,,,,,,,,,,,,,,,,,,,,,,,,,,,,,,,,,,,,,,,,,,,,,,,,,,,,,,,,,,,,,,,,,,,,,,,,,,,,,,,,,,,,,,,,,,,,,,,,,,,,,,,,,,,,,,,,,,,,,,,,,,,,,,810,,,,,88,321,,,,,,,,,,,,,,,,,,,,
CP-724714,71,,,,,,,,,,,,,,,,,,1255,,,,,,,,,,,,,,,,,,,,,,,,,,,,,,,,,28570,,,,,,,,,,,,,,,,,,,,,,,,,,,,,,,,,,,,,,,,,,,,,,,,,,,,,,,,,,,,,,,,,,,,,,,,,,,,,,,,,,,,,,,,,,,,,,,,,,,,,,,,,,,,,,,,,,,,,,,,,,,,,,,,,,,,,,,,,,,,,,,,,,,,,,,,,,,,,,,,,,,,,,,,,,,,,,,,,,,,,,,,,,,,,,,,,,,,,,,,,,,
AC-480,3,,,,,,,,,,,,,,,,,,,,,,,,,,,,,,,,,,,,,,,,,,,,,,,,,,,,,,,,,,,,,,,,,,,,,,,,,,,,,,,,,,,,,,,,,,,,,,,,,,,,,,,,,,,,,,,,,,,,,,,,,,,,,,,,,,,,,,,,,,,,,,,,,,,,,,,,,,,,,,,,,,,,,,,,,,,,,,,,,,,,,,,,,,,,,,,,,,,,,,,,,,,,,,,,,,,,,,,,,,,,,,,,,,,,,,,,,,,,,,,,,,,,,,,,,,,,,,
Lapatinib,51,,,,,,,,,,,,,,,,,,,,,,,,,,,,,,,,,,,,,,,,,,,,,,,,,,,,,,,,,,,,,,,,,,,,,,,,,,,,,,,,,,,,,,,,,,,,,,,,,,,,,,,,,,,,,,,,,,,,,,,,,,,,,,,,,,,,,,,,,,,,,,,,,,,,,,,,,,,,,,,,,,,,,,,,,,,,,,,,,,,,,,,,,,,,,,,,,,,,,,,,,,,,,,,,,,,,,,,,,,,,,,,,,,,,,,,,,,,,,,,,,,,,,,,,,,,,,,
TAK-285,677,,,,,,,,,,,,,,,,,,,,,,,,,,,,,,,,,,,,,,,,,,,,,,,,,,,,,,,,,,,,,,,,,,,,,,,,,,,,,,,,,,,,,,,,,,,,,,,,,,,,,,,,,,,,,,,,,,,,,,,,,,,,,,,,,,,,,,,,,,,,,,,,,,,,,,,,,,,,,,,,,,,,,,,,,,,,,,,,,,,,,,,,,,,,,,,,,,,,,,,,,,,,,,,,,,,,,,,,,,,,,,,,,,,,,,,,,,,,,,,,,,,,,,,,,,,,,,
Gefitinib,413,,,,,951,,,,,,,,,,,,,,,,,5236,,,,,4372,,,,,,,,,,,,,,,,,,,,,,,,6682,,,,,,,,,,,,,,,,,,,,,,,,,,,,,,,,,,,,,,,,,,,,,,,,,,,,,,,,,,,,,,,,,,,,,,,,,,,,,,,,,,,,,,,,,,,,,,,,,,,,,,,,,,,,,,,,,,,,,,,,,,,,,,,,,,,,,,,,,,,,,,,,,,,,,,,,,,,,,,,,,,,,,,,,,,,,,,,,,903,,,,,2664,,,,,,,,,,,,,,,,,,,,,
Dacomitinib,5,,,,,168,,,,,,,,,,,,,,,,,,,,,,,,,,,,,,,,,,,,,,,,,,,,,,,,,,,,,,,,,,,,,,,,,,,,,,,,,,,,,,,,,,,,,,,,,,,,,,,,,,,,,,,,,,,,,,,,,,,,,,,,,,,,,,,,,,,,,,,,,,,,,,,,,,,,,,,,,,,,,,,,,,,,,,,,,,,,,,,,,,,,,,,,,,,,,,,,,,,,,,,,,,,,,,,,,,,,,,,,,,,,,,,988,,,,,3637,,,,,,,,,,,,,,,,,,,,,
JNJ-26483327,602,,,,,120,,,,,,,,,,,,,,,,,30000,,,,,,,,,,,,,,,,,,,,,,,,,,,,,,,,,,,,,,,,,,,,,,,,,,,,,,,,,,,,,,,,,,,,,,,,,,,,,,,,,,,,,,,,,,,,,,,,,,,,,,,,,,,,,,,,,,,,,,,,,,,,,,,,,,,,,,,,,,,,,,,,,,,,,,,,,,,,,,,,,,,,,,,,,,,,,,,,,,,,,,,,,,,,,,,,,,,,,,,,2416,,,,,,390,,,,,,,,,,,,,,,,,,,,,,,,,,
LY-2801653,,,,,,,,,,,1610,,,,,,,,,,,,,,,,,,,,,,,,,,,,,,,,,,,,,,,,,,,,,,,,,,,,,,,,,,,,,,,,,,,,,,,,,,,,,,,,,,,,,,3256,,,,,,,,,,,,,,,,,,,,,,,,,,,,,,,,,,,,,,,,,,,,,,,,,,,,,,,,,,,,,,,,,,,,,,,,,,,,,,,,,,,,,,,,,,,,,,,,,,,,,,,,,,,,,,,,,,,,,,,,,,,,,309,1382,174,908,,,,,,,,,,,,,,,,,,,,,,,,,,,,,,
Sorafenib,,,,,,,,,,,,,,,,,,,,,,,,,,,,,,,,,,,,,,,,,,,,,,,,,,,,,,,,,,,,,,,,,,,,,,,,,,,,,,,,,,,,,,,,,,,,,,,,,,,,,,,,,,,,,,,,,,,,,,,,,,,,,,,,,,,,,,,,,,,,,,,,,,,,,,,,,,,,,,,,,,,,,,,,,,,,,,,,,,,,,,,,,,,,,,,,,,,,,,,,,,,,,,,,,,,,,,,,,,,,,,1759,117,1641,1950,,,,,,,,729,,,,,,,,,,,,,,,,3783,,,,,,
Pexidartinib,,,,13711,1452,,,,,,,,,,,,,,,,,,,,,,,,,,,,,,,,,,,,,,,,,,,,,,,,,,,,,,,,,,,,,,,,,,,,,,,,,,,,,,,,,,,,,,,,,,,,,,,,,,,,,,,,,,,,,,,,,,,,,,,,,,,,,,,,,,,,,,,,,,,,,,,,,,,,,,,,,,,,,,,,,,,,,,,,,,,,,,,,,,,,,,,,,,,,,,,,,,,,,,,,,,,,,,,,,,,,,,,,,55,,,,,,,,,,,,,,,,,,,,,,,,,,,,,,,,,
Tandutinib,,,,,,,,,,,,,,,,,,,,,,,,,,,,,,,,,,,,,,,,,,,,,,,,,,,,,,,,,,,,,,,,,,,,,,,,,,,,,,,,,,,,,,,,,,,,,,,,,,,,,,,,,,,,,,,,,,,,,,,,,,,,,,,,,,,,,,,,,,,,,,,,,,,,,,,,,,,,,,,,,,,,,,,,,,,,,,,,,,,,,,,,,,,,,,,,,,,,,,,,,,,,,,,,,,,,,,,,,,,,,2959,15,,,,,,,,,,,,,,,,,,,,,,,,,,,,,,,,,
Linifanib,,,,,,,,,,,,,1801,,,,,,,,,1551,,,,,,,,,,,,,,,,,,,,,,,,,,,,,,,,,,,,,,,,,,,,,,,,,,,,,,,,,,,,,,,,,,,,,,,,,,,,,,,,,,,,,,,,,,,,,,,,,,,,,,,,,,,,,,,,,,,,,,,,,,,,,,,,,,,,,,,,,,,,,,,,,,,,,,,,,,,,,,,,,,,,,,,,,,,,,,,,,,,,,,,,,,,,,,,,,,,,,,,,140,1438,,,,,,,,,,,,,,,,,,,,,,,,,,,,,,,,
Quizartinib,,,,,,,,,,,,,,,,,,,,,,,,,,,,,,,,,,,,,,,,,,,,,,,,,,,,,,,,,,,,,,,,,,,,,,,,,,,,,,,,,,,,,,,,,,,,,,,,,,,,,,,,,,,,,,,,,,,,,,,,,,,,,,,,,,,,,,,,,,,,,,,,,,,758,,,,,,,,,,,,,,,,,,,,,,,,,,,,,,,,,,,,,,,,,,,,,,,,,,,,,,,,,,,,,,,,,,,,,,,,,,,102,172,,,,,,,,,,,,,,,,,,,,,,,,,,,,,,,,
CH-5183284,,,,,,,,,,,,,,,,,,,,,,,,,,,,,,,,,,,,,,,,,,,,,3,,,,,,,,,,,,,,,,,,,,,,,,,,,,,,,,,,,,,,,,,,,,,,,,,,,,,,,,,,,,,,,,,,,,,,,,,,,,,,,,,,,,,,,2110,,,,,,,,,,,,,,,,,,,,,,,,,,,,,,,,,,,,,,,,,,,,,,,,,,,,,,,,,,,,,,,,,,,,,,,,,,,,,,,,,,,,,,,,,,,783,,,,,,,,,,,,,,,,,,,,,,,,,,,,,,,,
Motesanib,,,,,,,,,,,,,,,,,,,,,,,,,,,,,,,,,,,,,,,,,,,,,,,,,,,,,,,,,,,,,,,,,,,,,,,,,,,,,,,,,,,,,,,,,,,,,,,,,,,,,,,,,,,,,,,,,,,,,,,,,,,,,,,,,,,,,,,,,,,,,,,,,,,,,,,,,,,,,,,,,,,,,,,,,,,,,,,,,,,,,,,,,,,,,,,,,,,,,,,,,,,,,,,,,,,,,,,,,,,,,,,81,,,,,,,,,,117,1044,,,,,,,,,,,,,,,,,,,,,
Apatinib,,,,,,,,,,,,,,,,,,,,,,,,,,,,,,,,,,,,,,,,,,,,,,,,,,,,,,,,,,,,,,,,,,,,,,,,,,,,,,,,,,,,,,,,,,,,,,,,,,,,,,,,,,,,,,,,,,,,,,,,,,,,,,,,,,,,,,,,,,,,,,,,,,,,,,,,,,,,,,,,,,,,,,,,,,,,,,,,,,,,,,,,,,,,,,,,,,,,,,,,,,,,,,,,,,,,,,,,,,,,,,,111,,,,,,,,,,4760,2373,,,,,,,,,,,,,,,,,,,,,
OSI-930,,,,,,,,,,,,,,,,,,,,,,,,,,,,,,,,,,,,,,,,,,,,,,,,,,,,,,,,,,,,,,,,,,,,,,,,,,,,,,,,,,,,,,,,,,,,,,,,,,,,,,,,,,,,,,,,,,,,,,,,,,,,,,,,,,,,,,,,,,,,,,,,,,,,,,,,,,,,,,,,,,,,,,,,,,,,,,,,,,,,,,,,,,,,,,,,,,,,,,,,,,,,,,,,,,,,,,,,,,,,,,,388,,,,,,,,,,7731,1696,,,,,,,,,,,,,,,,,,,,,
Brivanib_alaninate,,,,,,,,,,,,,,,,,,,,,,1892,8443,9488,,,,,,,,,,,,,,,,,,,,,3896,,,,,,,,,,,,,,,,,,,,,,,,,,,,,,,,,,,,,,,,,,,,,,,,,,,,,,,,,,,,,,,,,,,,,,,,,,,,,,,,,,,,,,,,,,,,,,,,,,,,,,,,,,,,,,,,,,,,,,,,,,,,,,,,,,,,,,,,,,,,,,,,,,,,,,,,,,,,,,,,,30000,,,,,,,,,,,,,,,,,7483,1039,,,,,,,,,,,,,,,,,,,,,,,,,,,,,,,
Brivanib,,,,,,,,,,,,,,,,,,,,,,2537,10160,2741,,,,,,,,,,,,,,,,,,,,,,,,,,,,,,,,,,,,,,,,,,,,,,,,,,,,,,,,,,,,,,,,,,,,,,,,,,,,,,,,,,,,,,,,,,,,,,,,,,,,,,,,,,,,,,,,,,,,,,,,,,,,,,,,,,,,,,,,,,,,,,,,,,,,,,,,,,,,,,,,,,,,,,,,,,,,,,,,,,,,,,22757,,,,,,,,,,,,,,,,,2860,1019,,,,,,,,,,,,,,,,,,,,,,,,,,,,,,,
JNJ-38877605,,,,,,,,,,,,,,,,,,,,,,,,,,,,3,,,,,,,,,,,,,,,,,,,,,,,,,,,,,,,320,,,,,,,,,,,,,,,,,,,,,,,,,,,,,,,,,,,,,,,,,,,,,,,,,,,,,,,,,,,,,,,,,,,,,,,,,,,,,,,,,,,,,,,,,,,,,,,,,,,,,,,,,,,,,,,,,,,,,,,,,,,,,,,,,,,,,,,,,,,,,,,,,,,,,,,,,,,,,,,,323,,,,,,,,,,,,,,,,,,,,,,,,,,,,,,,,,,,,
Tepotinib,,,,,,,,,,,,,,,,,,,,,,,,,,,,3,,,,,,,,,,,,,,,,,,,,,,,,,,,,,,,,,,,,,,,,,,,,,,,,,,,,,,,,,,,,,,,,,,,,,,,,,,,,,,,,,,,,,,,,,,,,,,,,,,,,,,,,,,,,,,,,,,,,,,,,,,,,,,,,,,,,,,,,,,,,,,,,,,,,,,,,,,,,,,,,,,,,,,,,,,,,,,,,,,,,,,,,,,,,,,,875,,,,,,,,,,,,,,,,,,,,,,,,,,,,,,,,,,,,
Tivantinib,,,,,,,,,,,,,,,,,,,,,,,,,,,,511,,,,,,,,,,,,,,,,,,,,,,,,,,,,,,,,,,,,,,,,,,,,,,,,,,,,,,,,,,,,,,,,,,,,,,,,,,,,,,,,,,,,,,,,,,,,,,,,,,,,,,,,,,,,,,,,,,,,,,,,,,,,,,,,,,,,,,,,,,,,,,,,,,,,,,,,,,,,,,,,,,,,,,,,,,,,,,,,,,,,,,,,,,,,,,,,,,,,,,,,,,,,,,,,,,,,,,,,,,,,,,,,,,,
AMG-208,,,,,,,,,,,,,,,,,,,,,,,,,,,,28,,,,,,,,,,,,,,,,,,,,,,,,,,,,,,,,,,,,,,,,,,,,,,,,,,,,,,,,,,,,,,,,,,,,,,,,,,,,,,,,,,,,,,,,,,,,,,,,,,,,,,,,,,,,,,,,,,,,,,,,,,,,,,,,,,,,,,,,,,,,,,,,,,,,,,,,,,,,,,,,,,,,,,,,,,,,,,,,,,,,,,,,,,,,,,,,,,,,,,,,,,,,,,,,,,,,,,,,,,,,,,,,,,,
Capmatinib,,,,,,,,,,,,,,,,,,,,,,,,,,,,3,,,,,,,,,,,,,,,,,,,,,,,,,,,,,,,,,,,,,,,,,,,,,,,,,,,,,,,,,,,,,,,,,,,,,,,,,,,,,,,,,,,,,,,,,,,,,,,,,,,,,,,,,,,,,,,,,,,,,,,,,,,,,,,,,,,,,,,,,,,,,,,,,,,,,,,,,,,,,,,,,,,,,,,,,,,,,,,,,,,,,,,,,,,,,,,,,,,,,,,,,,,,,,,,,,,,,,,,,,,,,,,,,,,
PF-04217903,,,,,,,,,,,,,,,,,,,,,,,,,,,,3,,,,,,,,,,,,,,,,,,,,,,,,,,,,,,,,,,,,,,,,,,,,,,,,,,,,,,,,,,,,,,,,,,,,,,,,,,,,,,,,,,,,,,,,,,,,,,,,,,,,,,,,,,,,,,,,,,,,,,,,,,,,,,,,,,,,,,,,,,,,,,,,,,,,,,,,,,,,,,,,,,,,,,,,,,,,,,,,,,,,,,,,,,,,,,,,,,,,,,,,,,,,,,,,,,,,,,,,,,,,,,,,,,,
MK-8033,,,,,,,,,,,,,,,,,,,,,,,,,,,,161,,,,,,,,,,,,,,,,,,,,,,,,30000,,,,,,956,,,,,,,,,,,,,,,,,,,,,,,,,,,,,,,,,,,,,,,,,,,,,,,,,,,,,,,,,,,,,,,,,,,,,,,,,,,,,,,,,,,,,,,,,,,,,,,,,,,,,,,,,,,,,,,,,,,,,,,,,,,,,,,,,,,,,,,,,,,,,,,,,,,,,,,,,,,,,,,,,,,,,,,,,,,,,,,,,,,,,,,,,,,,,,,,,,,,,
Rigosertib,,,,,,,,,,,,,,,,,,,,,,,,,,,,940,,,,,,,,,,,,,,,,,,,,,,,,5577,,,,,,,,,,,,,,,,,,,,,,,,,,,,,,,,,,,,,,,,,,,,,,,,,,,,,,,,,,,,,,,,,,,,,,,,,,,,,,,,,,,,,,,,,,,,,,,,,,,,,,,,,,,,,,,,,,,,,,,,,,,,,,,,,,,,,,,,,,,,,,,,,,,,,,,,,,,,,,,,,,,,,,,15224,,,,,,,,,,,,,,,,,,,,,,,,,,,,,,,,,,,,
Entrectinib,,,,,,,,,,,,,,,,,1486,420,,,,,,,,,,,,,,,,,,,,,,,,,,,,,,,,,,,,,,,,,,,,,,,,,,,,,,,,,,,,,,,,,,,,,,,,,,,,,,,,,,,,,,,,,,,,,,,,,,,,,,,,,,,,,,,,,,,,,,,,,,,,,,,,,,,,,,,,,,,,,,,,,,,,,,,,,,,,,,,,,,,,,,,,,,,,,,,,,,,,,,,3,,,,,,,,,,,,,,,,,,,,,,,,,,,,,,,,,,,,,,,,,,,,,,,,,,,,,,
Ulixertinib,,,,,,,6336,,,,,,,,,,,,,,,,,,,,,,,,,,,,,,,,,,,,,,,,,,,,,,,,,,,,,,,,388,,,,,,,,,,,,,,,,,,,,,,,,,,,,,,,,,,,,,,,,,,,,,,,,,,,,183,160,,,,,,,,,,,,,,,,,,,,,,,,,,,,,,,,,,,,,,,,,,,,,,,,,,,,,,,,,,,,,,,,,,,,,,,,,,,,,,,,,,,,,,,,,,,,,,,,,,,,,,,,,,,,,,,,,,,,,,,,,,,,,,,,,,,,,,,,,,,
Tofacitinib,,,,,,,,,,,,,525,,,,,,,,,,,,,,,,,,,,,,,,,,,,,,,,,,,,,,,,,,,,,,,,,,,,,,,,,,,,,,,,,,,,,,,,,,,,,,,,,,,,,,,,,,,,,,,,,,,,,,,,,,,,,,,,,,,,,,,,,,,,,,,,,,,,,,,,,,,,,,,,,,,,,,,,,,,,,,,,,,,,,,,,,,,,,,,,,,,,6626,10782,,,,,,,,,,,,,,,,,,,,,58,,,,,,,,,,,,,,,,,,,,,,,,,,,,,,,,,,,,,,,,
Seliciclib,,,,,,,,,,,,,,,,,,,,,,,,,,,,,,,,4860,,,3705,12022,,,,,30000,,,,,,,,,,,,,12409,,,,,,,,,,,,,,,,,,,,,,,,,,,,,,,,,,,,,,,,,,,,,,,,,,,,,,,,,,,,,,,,,,,,,,,,,,,,,,,,,,,,,,,,,,,,,,,,,,,,,,,,,,,,,,,,,,,,,,,,,,,,,,,,,,,,,,,,,,,,,,,,,5024,,,,,,,,,,,,,,,,,,,,,,,,,,,,,,,,,,,,,,,,,,,,,,,,,,,,,,,,
LY-2584702,,,,,,,,,,,,,,,,,,,,,,,,,,,,,,,,,,,,,,,,,,,,,,,,,,,,,,,,,,,,,,,,,,,,,,,,,,15,,,,,,,,,,,,,,,,,,,,,,,,,,,,,,,,,,,,,,,,,,,,,,,,,,,,,,,,,,,,,,,,,,,,,,,,,,,,,,,,,,,,,,,,,,,,,,,,,,,,,,,,,,,,,,,,,,,,,,,,,,,,,,,,,,,,,,,,,,,,,,,,,,,,,,,,,,,,,,,,,,,,,,,,,,,,,,,,,,,,,
ARRY-380,2534,,,,,,,,,,,,,,,,,,,,,,,,,,,,,,,,,,,,,,,,,,,,,,,,,,,3912,,,,,,,,,,,,,,,,,,,,,,,,,,,,,,,,,,,,,,,,,,,,,,,,,,,,,,,,,,,,,,,,,,,,,,,,,,,,,,,,,,,,,,,,,,,,,,,,,,,,,,,,,,,,,,,,,,,,,,,,,,,,,,,,,,,,,,,,,,,,,,,,,,,,,,,,,,,,,,,,,,,,,,,2463,,,,,,,,,,,,,,,,,,,,,,,,,,,,,,,,,,,,
Pictilisib,,3422,,,,,,,,,,,,,,,,,,,,,,,,,,,,,,,,,,,,,,,,,,,,,,,,,,,,,,,,,,,,,,,,,,,,,,,,,,,,,,,,,,,,,,,,,,,,,,,,,,,,,,,,,,,,,,,,,,,,,,,,,,,,,,,,,,,,,,,,,,,,,,,,,,,,,,,,,,,,,,,,,,,,,,,,,,,,,,,,,,,,,,,,,,,,,,,,,,,,,,,,,,,,,,,,,,,,,,,,,1028,,,,,,,,,,,,,,,,,,,,,,,,,,,,,,,,,,,,
BMS-911543,,,,,,,,,,,,,,,,,,,,,,,,,,,,,,,,,,,,,,,,,,,,,,,,,,,,,,,,,,,,,,,,,,,,,,,,,,,,,,,,,,,,,,,,,,,,,,,,,,,,,,,,,,,,,,,,,,,,,,,,,,,,,,,,,,,,,,,,,,,,,,,,,,,,,,,,,,,,,,,,,,,,,,,,,,,,,,,,,,,,,,,,,,,,,,,,,,,,,,,,,,,,,,,,,,,,,,,,,,,5864,,,,,,,,,,,,,,,,,,,,,,,,,,,,,,,,,,,,
SGX-523,,,,,,,,,,,,,,,,,,,,,,,,,,,,,,,,,,,,,,,,,,,,,,,,,,,,,,,,,,,,,,,,,,,,,,,,,,,,,,,,,,,,,,,,,,,,,,,,,,,,,,,,,,,,,,,,,,,,,,,,,,,,,,,,,,,,,,,,,,,,,,,,,,,,,,,,,,,,,,,,,,,,,,,,,,,,,,,,,,,,,,,,,,,,,,,,,,,,,,,,,,,,,,,,,,,,,,,,,,,124,,,,,,,,,,,,,,,,,,,,,,,,,,,,,,,,,,,,
Volitinib,,,,,,,,,,,,,,,,,,,,,,,,,,,,,,,,,,,,,,,,,,,,,,,,,,,,,,,,,,,,,,,,,,,,,,,,,,,,,,,,,,,,,,,,,,,,,,,,,,,,,,,,,,,,,,,,,,,,,,,,,,,,,,,,,,,,,,,,,,,,,,,,,,,,,,,,,,,,,,,,,,,,,,,,,,,,,,,,,,,,,,,,,,,,,,,,,,,,,,,,,,,,,,,,,,,,,,,,,,,206,,,,,,,,,,,,,,,,,,,,,,,,,,,,,,,,,,,,
Rabusertib,,,,,,,,,,,,,,,,,,,,,,,,,,,,,,,,,,,,,,,,,,,,,,,,,,,,,,,,,,,,,,,,,,,,,,,,,,,,,,,,,,,,,,,,,,,,,,,,,,,,,,,,,,,,,,,,,,,,,,,,,,,,,,,,,,,,,,,,,,,,,,,,,,,,,,,,,,,,,,,,,,,,,,,,,,,,,,,,,,,,,,,,,,,,,,,,,,,,,,,,43,,,,,,,,,,,,,,,,,,,,,,,,,,,,,,,,,,,,,,,,,,,,,,,,,,,,,,,
Omipalisib,,,,,,,,,,,,,,,,,,,,,,,,,,,,,,,,,,,,,,,,,,,,,,,,,,,,,,,,,,,1372,,,,,,,,,,,,,,,,,,,,,,,,,,,,,,,,,,,,,,,,,,,,,,,,,,,,,,,,,,,,,,,,,,,,,,,,,,,,,,,,,,,,,,,,,,,,,,,,,,,,,,,,,,,,,,,,,,,,,,,,,,,,,,,,,,,,,,,,,,,,,,,,,,,,,,,,,,,,,,,,,,3033,,,,,,,,,,,,,,,,,,,,,,,,,,,,,,,,,,
BYL-719,,,,,,4968,,,,,,,,,,,,,,,,,,,,,,,,,,,,,,,,,,,,,,,,,,,,,,,,,,,,,,,,,,,,,,,,,,,1990,,,,,,,,,,,,,,,,,,,,,,,,,,,,,,,,,,,,,,,,,,,,,,,,,,,,,,,,,,,,,,,,,,,,,,,,,,,,,,,,,,,,,,,,,,,,,,,,,,,,,,,,,,,,,,,,,,,,,,,,,,,,,,,,,,,,,,,,,,,,,,,,,,,,,,,,,,,,,,,,,,,,,,,,,,,,,,,,,,,,,,
Telatinib,,,,,,,,,,,,,,,,,,,,,,555,,,,,,,,,,,,,,,,,,,,,,,,,,,,,,,,,,,,,,,,,,,,,,,,,,,,,,,,,,,,,,,,,,,,,,,,,,,,,,,,,,,,,,,,,,,,,,,,,,,,,,,,,,,,,,,,,,,,,,,,,,,,,,,,,,,,,,,,,,,,,,,,,,,,,,,,,,,,,,,,,,,,,,,,,,,,,,,,,,,,,,,,,,,,,,,,,,,,,,,,,,,,,,,,,,,,,,,,,,,,,,,,,,,,,,,,,
Vatalanib,,,,,,,,,,,,,,,,,,,,,,4393,,,,,,,,,,,,,,,,,,,,,,,,,,,,,,,,,,,,,,,,,,,,,,,,,,,,,,,,,,,,,,,,,,,,,,,,,,,,,,,,,,,,,,,,,,,,,,,,,,,,,,,,,,,,,,,,,,,,,,,,,,,,,,,,,,,,,,,,,,,,,,,,,,,,,,,,,,,,,,,,,,,,,,,,,,,,,,,,,,,,,,,,,,,,,,,,,,,,,,,,,,,,,,,,,,,,,,,,,,,,,,,,,,,,,,,,,
AZD-8186,,,,,,,,,,,,,,,,,,,,,,,,,,,,,,,,,,,,,,,,,,,,,,,,,,,,,,,,,,,,,,,,,,,,,,,,,,,,,,,,,,,,,,,,,,,,,,,,,,,,,,,,,,,,,,,,,,,,,,,,,,,,,,,,,,,,,,,,,,,,,,,,,,936,,,,,,,,,,,,,,,,,,,,,,,,,,,,,,,,,,,,,,,,,,,,,,,,,,,,,,,,,,,,,,,,,,,,,,,,,,,,,,,,,,,,,,,,,,,,,,,,,,,,,,,,,,,,,
AZD-2014,,,,,,,,,,,,,,,,,,,,,,,,,,,,,,,,,,,,,,,,,,,,,,,,,,,,,,,,,,,,,,,,,,,,,,,,,,,,,,,,,,,,,,,,,,,,,,,,,,,,,,,,,,,,,,,,,,,,,,,,,,,,,,,,,,,,,,,,,,,,,,,,,,,,,,,,,,,,,,,,,,983,,,,,,,,,,,,,,,,,,,,,,,,,,,,,,,,,,,,,,,,,,,,,,,,,,,,,,,,,,,,,,,,,,,,,,,,,,,,,,,,,,,,,,,,,,,,,
IMD-0354,,,,,,,,,,,,,,,,,,,,,,,,,,1464,,,,,,,,,,,,,,,,,,,,,,,,,,,,,,,,,,,,,,,,,,,,,,,,,,,,,,,,,,,,,,,,,,,,,,,,,,,,,,,,,,,,,,,,,,,,,,,,,,,,,,,,,,,,,,,,,,,,,,,,,,,,,,,,,,,,,,,,,,,,,,,,,,,,,,,,,,,,,,,,,,,,,,,,,,,,,,,,,,,,,,,,,,,,,,,,,,,,,,,,,,,,,,,,,,,,,,,,,,,,,,,,,,,,,
PF-04691502,,1543,,,,,,,,,,,,,,,,,,,,,,,,,,,,,,,,,,,,,,,,,,,,,,,,,,,,,,,,,,,,,,,,,,,,,,,,,,,,,,,,,,,,,,,,,,,,,,,,,,,,,,,,,,,,,,,,,,,,,,,,,,,,,,,,,,,,,,,,,,,,,,,,,,,,,,,,,,,,,,,,,,,,,,,,,,,,,,,,,,,,,,,,,,,,,,,,,,,,,,,,,,,,,,,,,,,,,,,,,,,,,,,,,,,,,,,,,,,,,,,,,,,,,,,,,,,,,
Mubritinib,,,,,,,,,,,,,,,,,,,,,,,,,,,,,,,,,,,,,,,,,,,,,,,,,,,,,,,,,,,,,,,,,,,,,,,,,,,,,,,,,,,,,,,,,,,,,,,,,,,,,,,,,,1766,,,,,,,,,,,,,,,,,,,,,,,,,,,,,,,,,,,,,,,,,,,,,,,,,,,,,,,,,,,,,,,,,,,,,,,,,,,,,,,,,,,,,,,,,,,,,,,,,,,,,,,,,,,,,,,,,,,,,,,,,,,,,,,,,,,,,,,,,,,,,,,,,,,,,
AZD-8055,,,,,,,,,,,,,,,,,,,,,,,,,,,,,,,,,,,,,,,,,,,,,,,,,,,,6896,,,,,,,,,,,,,,,,,,,,,,,,,,,,,,,,,,,,,,,,,,,,,,,,,,,,,,,,,,,,,,,,,,,,,,,,,,,,,,,,,,,,,,,,,,,,,,,,,,,,,,,,,,,,,,,,,,,,,,,,,,,,,,,,,,,,,,,,,,,,,,,,,,,,,,,,,,,,,,,,,,,,,,,,,,,,,,,,,,,,,,,,,,,,,,,,,,,,,,,,,,,
RAF-265,,,,,,,,,,,,,,,,,,,,,,,,,,,,,,,,,,,,,,,,,,,,,,,,,,,,,,,,,,,,,,,,,,,,,,,,,,,,,,,,,,,,,,,,,,,,,,,,,,2425,,,,,,,,,,,,,,,,,,,,,,,,,,,,,,,,,,,,,,,,,,,,,,,,,,,,,,,,,,,,,,,,,,,,,,,,,,,,,,,,,,,,,,,,,,,,,,,,,,,,,,,,,,,,,,,,,,,,,,,,,,,,,,,,,,,,,,,,,,,,,,,,,,,,,,,,,,,,,
MK-2461,,,,3647,2590,,,,,,,,,,,,,,,,,,,,,,,,,,,,,,,,,,,,,,,,,4701,,1931,,,,3418,,,,,,278,1027,,,,,,,,,,,,,,,,,,,,,,,,,,,,,,,,,,,,,,,,,,,,,,,,,,,,,,,,,,,,,,,,,,,,,,,,,,,,,,,,,,,,,,,,,,,,,,,,,,,,,,,,,,,,,,,,,,,,,,,,,,,,,,,,,,1475,,,,,,,,,,,,,,,,,,,,,,,,,,,,,,30000,,502,,,,,,,,,,,,,,,,,,,,,,,,,,,,,,,,,,
TG-100115,,,13940,3345,3015,,,,,,,,,,,,,,,,,,,,,,,,,,,,,,,,,,,,,,,,,,,,,,,,,,,,,,,,,,,,,,,,,,,,,,,,,,,,,,,,,,,,,,,,,,,,,,,,,,,,,,,,,,,,,,,,,,,,,,,,,,,,,,,5251,12,,,,,,,,,,,,,,,,,,,,,,,,,,,,,,,,,,,,,,,,,,,,,,,,,,,,,,,,,,,,,,,,,,,,,,,,,,,,,,,,,,,,,,,,,,,,,,,,,,,,,,,,,,,,,,,,,,,,2447,,,,,,
X-396,,,,22238,3361,,,,,,,,,,,,,,,,,,,,122,20866,,,,,,,,,,,,,,,,,,,,,,,,,,,,,,,,,,,,,,,,,,,,,,,,,,,,,,,,,,,,,,,,,,,,,,,,,,,,,,,,,,,,,,,,,,,,,,,,,,,,,,,,,,,,,,,,,,,,,,,,,,,,,,,,,,,,,,,,,,,,,,,,,,,,,,,,,,,,,,,,,,,,,,,,,,,,,,,,,,,,,,,,,,,,,,,,,,,,,,,,,,,,,,,,,,,,,,,,,,,,,,,2187,,,,,,
Filgotinib,,,6590,4990,4384,,,,,,,,,,,,,,,,,,1912,9273,,,,,,,,,,,,,,,,,,,,,,2140,,,2028,,,,,,,,,,,4714,,,,,,,,,,,,,,,,,,,,,,,,,,,,,,,,,,,,,,,,,,,,,,,,,,,,,,,,,,,,,,,,,,,,,,,,,,,,,,,,,,,,,,,,,,,,,,,,,,,,,,,,,,,,,,,,,,,,,,,,,,,,,,,,,,,,,,,,,,,,,,,,3633,,,,,,,,,,,,,,,,,,,,,,,,,,,,,,,,,,,,,,,,,,,,,,,,,,,
JANEX-1,1163,,,1069,1542,28651,,,,,,,,,,,,,,,,,2634,4373,,,,,,,,,,,,,,,,,,,,,,,,,,,,,,,,,,,,,,,,,,,,,,,,,,,,,,,,,,,,,,,,,,,,,,,,,,,,,,,,,,,,,,,,,,,,,,,,,,,,,,,,,,,,,,,,,,,,,,,,,,,,,,,,,,,,,,,,,,,,,,,,,,,,,,,,,,,,,,,,,,,,,30000,,,,,,5898,,,,,,,,,,,,,,,,,,,,,,,,,,,1313,21887,,,,,,5939,,,,,,,,,,,,,,,,,,,,,,,,,,
MK-2206,,,,,,,,,,,,,,,,,,,,,,,,,,,,,,,,,,,,,,,,,,,,,,,,,,,,1069,,,,,,,,,,,,,,,,,,,,,,,,,,,,,,,,,,,,,,,,,,,,,,,,,,,,,,,,,,,,,,,,,213,11,21,,,,,,,,,,,,,,,,,,,,,,,,,,,,,,,,,,,,,,,,,,,,,,,,,,,,,,,,,,,,,,,,,,,,,,,,,,,,,,,,,,,,,,,,,,,,,,,,,,,,,,,,,,,,,,,,,,,,,,,,,,,,,,,,,,,,,,,,
BGT-226,,8487,,,,,,,,,,,,,,,,,,,,,,,,,,,,,,,3403,,,,,,,246,922,,,,,,,,,,,3108,,,,,,,4795,,,,,,,,,,,,,,,,,,,,,,,,,,,,,,,,,,,,,,,,,,,,,,1009,,,,,,,,,,,,,,,,,,,,,,,,,,,,,,,,,,,,,,,,,,,,,,,,,,,,,,,,,,,,,,,,,,,,,,,,,,,,,,,,,,,4081,,,,,,,,,,,,,,,,,,,,1105,,,,,,,,,,,,,,,,,,,,,,,,,,,,,,,,,,,,,,,,,,,,,,,
NMS-1286937,,1628,3203,,,,,,,,,,,,,,,,,,,,,,,,,,,,,,,,,,,,,,30000,,,,,,,,,,,,,1796,4821,,,,,,,,,,,,,,,,,,,,,,,,,,,,,,,,,,,,,,,,,,,,,,,,,,,,,,,,,,,,,,,,,,,,,,,,,,,,,,,,,,,,,,,,,,,,,,,,,,,,,,,,,,,,,,,,,,,,,,,,,,,,,,,,,,,,,5166,,,,,,,,,,,,,,,,,,,,2939,,,,,,,,,,,,,,,,,,,,,,,,,,,,,,,,,,,,,,,,,,,,,,,
OSI-027,,1604,,,,,,,,,,,,,,,,,4914,,,,,,,,,,,,,,,,,,,,,,,,,,,,,,,,,12611,,,,,,,,,,,,,,,,,,,,,,,,,,,,,,,,,,,,,,,,,,,,,,,,,,,,,,,,,,,,,,,,,,,,,,,,,,,,,,,,,,,,,,,,,,,,,,,,,,,,,,,,,,,,,,,,,,,,,,,,,,,,,,,,,,,,,,,,,,,,,,,,,,,,,,,,,,,,,,,,,,,,,,,1390,,,,57,,,,,,1163,,,,,,,,,,,,,,,,,,,,,,,,,549,780
AZD-1208,,3017,,,,,,,,,,,,,,,,,,,,,,,,,,,,,,,,,,,,,,,,,,,,,,,,,,,,,,,,,,,,3,,,,,,,,,,,,,,,,,,,,,,,,,,,,,,,,,,,,,,,,,,,,,,,,,,,,,,,,,,,,,,,,,,,,,,,,,,,,,,,,,,,,,,,,,,,,,,,,,,,,,,,,,,,,,,,,,,,,,,,,,,,,,,,,,,,,,,,,,,,,,,,,,,,,,,,,,,,,,,,,,,,,,,,,,,,,,,,,,,,,,,,,,,,,,,,,,
XL-413,,22,,,,,,,,,,,,,,,,,,,,,,,,,,,,,,,,,,,,,,,,,,,,,,,,,,,,,,,,,,,2292,22,,3659,,,,,,,,,,,,,,,,,,,,,,,,,,,,,,,,,,,,,,,,,,,,,,,,,,,,,,,,,,,,,,,,,,,,,,,,,,,,,,,,,,,,,,,,,,,,,,,,,,,,,,,,,,,,,,,,,,,,,,,,,,,,,,,,,,,,,,,,,,,,,,,,,,,,,,,,,,,,,,,,,,,,,,,,,,,,,,,,,,,,,,,,,,,,,,,
Palbociclib,,488,26466,,,,5623,16296,,,,,,,,,,,,,,,,,,,,,,,2778,9492,,,,,,,,276,,1272,572,76,,,,2856,,9969,,,,,,,,,1721,,,,,,,,,,,,,,,,,,,,,,,,,,,,,,,,,,,,,,,,,,,,,,,,,,,,,,,,,,,,,,,,,,,,,,,,,,,,,,,,,,,,,,,,,,,,,,208,,,,,,,,,,,,,,,,,,,,,,,,,,,,,,,,,,,,,,,,,,,,,,,,,,,,,,,,,,,,,,,,,,,,,,,,,,,,,,,,,,,,,,,,,,,,,,,,,,,,,,
P-276-00,,,,,,,,2539,,,,,,,,,,,,,,,,,,,,,,,3762,28,,2722,,,4226,3162,,,,,,,,,,,,,,,,,,,,,,,,,,,,,,,,,,,,,,,,,,,,,,,,,,,,,,,,,,,,,,892,,,,,,,,,,,,,,,,,,,,,,,,,,,,,,,,,,,,,,,,,,,,,,,,,,,,,,,,,,,,,,,,,,,,,,,,,,,,,,,,,,,,,,,,,,,,,,,,,,,,,,,1336,,,,,,,,,2394,,,,,,,,,,,,,,,,,,,,,,,,,,,,,,,,,,,,,,,,,,,
Ribociclib,,,,,9311,658,25019,,2492,,,,,,,,,,,,,,,,,,,,,,,3708,,,,,,,,,,,,497,,,,,,,,,,,,,,,,,,,,,,,,,,,,,,,,,,,,,,,,,,,,,,,,,,,,,,,,,,,,,,,,,,,,,,,,,,,,,,,,,,,,,,,,,,,,,,,,,,,,,,,,,,,,,,,,,,,,,,,,,,,,,,,,,,,,,,,,,,,,,,,,,,,,,,,,,,,,,,293,247,,,,,,,,,,,,,,,,,,,,,,,,,,,,,,,,,,,,,,,,,,,,,,12473,,,,,,
Apitolisib,4874,,,,,,,,,,,,,,1497,,,,3576,,,,2269,10170,,,,,,,,,,,,,,,,,,,,,,,,,,,,,,,,,,,,,,,,,,,,,,,,,,,,,,,,,,,,,,,,,,,,,,,,,,,,,,,,,,,,,,,,,,,,,,,,,,,,,,,,,,,,,,,,,,,,,,,,,,,,,,,,,,,,,,,,,,,,,,,,,,,,,,,,,,,,,,,,,,,,,,,,,,,,,,,904,,,,,,,,,,,26,721,,2134,,,,,,,,,,,,,,,814,,,,,,,,,,,,,,,,,,,1555,570,,,,,,,
GSK-461364,,,3886,,,,,,,,,,,,,,,,,,,,1588,2522,,,,,,,,,,,,,,,,,,,,,,,,,,,,,,,,,,,2837,,,,,,3419,,,,,,,,,,,,,,,,,,,,,,,,,,,,,,,,,,,,,,,,,,,,,,,,,,,,,,,,,,,,,,,,,,,,,2507,,,,,,,,,,,,,,,,,,,,,,,,,,,,,,,,,,,,,,,,,,,,,,,,,,,,,,,,,,,,,,,,,,,,,,,,,,,,,,,,,,,,,,,,,,,,,,,,,,,,,,,,,,,,,,,,,,,106,,,,,,
Icotinib,10128,,,,,725,,,,,,,,,,,,,,,,,227,1051,,,,,,,,,,,,,,,,,,,,,,,,,,,,,,,,,,,4663,,,,,,,,,,,,,,,,,,,,,,,,,,,,,,,,,,,,,,,,,,,,,,,,,,,,,,,,,,,,,,,,,,,,,,,,,,,,,,,,,,,,,,,,,,,,,,,,,,,,,652,,,,,,,,,,,,,,,,,,,2912,,,,,,,,,,,,,,,,,,,,,,,,,,,,,,,,,,,,,,,,,,,,,,,,,,2627,,,,,,,,,,,,,,,,,,,,4131,,,,,,
CUDC-101,739,,,,,482,,,,,,,,,,,,,,,,,30000,,,,,,,,,,,,,,,,,,,,,,,,,,,,,2867,,,,,,,,,,,,,,,,,,,,,,,,,,,,,,,,,,,,,,,,,,,,,,,,,,,,,,,,,,,,,,,,,,,,,,,,,,,,,,,,,,,,,,,,,,,,,,,,,,,1036,142,,,,,,,,,,,,,,,,,,,,,,,,,,,961,,,,,,,,,,,,,,,,,,,,,,,,,,,,,,,,,,,,,,,,,,,,,,,,,,1090,,,,,,,,,,,,,,,,,,,,1278,,,,,,
Erlotinib,2164,,6228,,,517,,,,,,,,,,,,,3906,,,,721,1491,,,,,,,,,,,,,,,,,,,,,,,,,,,,6905,,,,,,,,,,,,,,,,,,,,,,,,,,,,,,,,,,,,,,,,,,,,,,,,,,,,,,,,,,,,,,,,,,,,,,,,,,,,,,,,,,,,,,,,,,4147,3054,,,,,,,,,,,,,,,,,,,,,,,,,,,,,,,,,,,,113,,,,,,,,,,,,,,,,,,,,,,,,,,,,,,,,,,,,,,,,,,,,1349,,,,1832,4327,11433,,,,,,,,,,,,,,,,,,,,2247,,,,,,
AZD-4547,,,,,,,,,,,,,,,,,,,,,,288,,,110,6,49,,,,,,,,,,,,,,,,,,3,,,,,,,,,,,,,,,,,,,,,,,,,,,,,,,,,,,,,,,,,,,,,,,,,,,4996,,,170,,,,,,,,,,,,,,,,,,,,,,,,,,,,,,,,,,,,,,,,,,,,,,,,,,,,,,,,,,,,,,,,,,,,,,,,,,,,,,,,,,,,,,,,,,,,,,4960,9024,,,,,,,,,,,,,,,354,,,,,,,,,,,,,,29,56,12899,,,,,,,,9540,,,,,,,,,,,,,,,,,,,,,,
Lenvatinib,,,,,,,,,,,,,1781,,,,,,2910,,,316,793,3851,578,3117,,,,,,,,,,,,,,,,,,,,,,,,,,2806,,,,,,,,,,,,,,,,,,,,,,,,,,,,,,,,,,,,,,,,,,,,,,,,,,,,,,,,,,,,,,,,,,,,,,,,,,,,,,,,,,,,,,,,,,,,,,,,,,,,,,,,,,,,,,,,,,,,,,,,,,,,,,,,,,,,,,,,,,,,,,,,,,,,,,,,,,,565,,,,,,,,,,,,1523,,,,9,46,218,,4113,3771,11,63,,217,,316,,,,,,,,,,,,,,,,,,,,,
ACTB-1003,,,,,,,,,,,,,,,,,1265,,,,,,,,4161,,,,,,,,,,,,,,,,,,,,40,,,1510,,,,,,,,,,,,,,,,,,,,,,,,,,,,,,,,,,,,,,,,,,,,,,,,,,,,,,,,,,,,,,,,,,,,,,,,,,,,,,,,,,,,,,,,,,,,,,,,,,,,,,,,,,,,,,,,,,,,,,,,,,,,,,,,,,,,,3023,,,,,,,,,,4135,5305,,,2688,,,,,,,,,,,,,,,,,5076,,,,,,,,,,465,93,314,3250,,4206,,,,,,,,,,,,,,1864,,,,,,,,,,,,,,
Cediranib,2733,,,,,,,,,,,,,,,,,,,,,19,879,1970,,2477,,4916,,,,,,,,,,,,,,,,,547,,,,,,,,,,,,,,,,,,,,,,,,,,,,,,,,,,,,,,,,,,,,,,,,,,,,,,3292,,,,,,,,,,,,,,,,,,,,,,,,,,,,,,,,,,,,,,,,,,,,,,,,,,,,,,,,,,,,,,,,,,,,,,,,,,,,,,,,,,,,,,,,,,,,,,,,,,,,,,,,,,,,,,,,,,,,,,,,,,,,27,19,1000,,2313,13453,,,,,,,,,,,,,,,,,,,,,,,,1219,,,2052
Vandetanib,3741,,,,,,,,,,,,,,,,,,,,,,2852,,,,,,,,,,,,,,,,,,,,,,,,,,,,,,,,,,,,,,,,,,,,,,,,,,,,,,,,,,,,,,,,,,,,,,,,,,,,,,,,,,,,,,,,,,,,,,,,,,,,,,,,,,,,,,,,,,,,,,,,,,,,,,,,,,,,,,,,,,,,,,,,,,,,,,,,,,,,,,,,,,,,,,,,,,,,,,,,,,,,,,,,,,,,,,,,,,,,,,,,518,1349,,,879,1183,74,,,,,,,3151,,,,,,,,,,,,,,,,1237,,,
Lucitanib,,,,,,,,,,,,,22852,,,,,,,,,,,,,,,,,,,,,,,,,,,,,,,,,,,,,,,,,,,,,,,,,,,,,,,,,,,,,,,,,,,,,,,,,,,,,,,,,,,,,,,,,,,,,,,,,,,,,,,,,,,,,,,,,,,,,,,16404,,,,,,,,,,,,,,,,,,,,,,,,,,,,,,,,,,,,,,,,,,,,,,,,,,,,,,,,,,,,,,,,,,,,,,,,,,,,,,,,,,,,,,,,,,,5,14,94,,,,199,,,,,,,,,,,2764,,,,,,,,,,,,,,,
Pazopanib,,,,,,,,,,,,,,,,,,,,,,430,,,,,,,,,,,,,,,,,,,,,,,,,,,16218,,,,,,,,,,,,,,,,,,,,,,,,,,,,,,,,,,,,,,,,,,,,,,,,,,,,,,,,,,,,,,,,,,,,,,,,,,,,,,,,,,,,,,,,,,,,,,,,,,,,,,,,,,,,,,,,,,,,,,,,,,,,,,,,,,,,1911,,,,,,,,,,,,,,,,,,,,,,,,,,,,,,,,,,,,,,,,25581,,292,132,121,,,,7665,,,,,,,,,,,,,,,,,,,,,2307,15626,,,,
BMS-777607,,,,,,,,,,,,,1073,,,,,,2085,,,,,,2075,,,11,,,,,,,,,,,,,,,,,,,,,,,,,,,,,,,,,,,,,,,,,,,,,,,,,,,,,,,,,,,,,,,,,,,,,,,,,,,,,,,,,,,,,,,,,,,,,,,,,,,,,,,,,,,,,,,,,,,,,,,,,,,,,,,,,,,,,,,,,,,,,,,,,,,,,,,,,,,,,,,,,,,,,,,,,,,,,,,,,,,,,,,,,,,,,,,,,,,,39,65,1508,,523,,,,,,,,1571,,,,,330,,,,,,,,,,,,,,
SNS-314,,,,,,,,,,,,118,257,,,,,,,,,,,,,,,,,,,,,,,,,,,,,,,,,,,,,,,,,,,,,,,,,,,,,,,,,,,,,,,,,,,,,,,,,,,,,,,,,,,,,,,,,,,,,,,,,,,,,,,,,,,,,,,,,,,,,,,,,,,,,,,,26,,,,,,,,,,,,,,,,,,,,,,,,,,,,,,,,,,,,,,,,,,,,,,,,,,,,,,,,,,,,,,,,,,,,,,,,,,,,,,,,,,,140,423,,,,,,,,,,,,,,,,,,,,,,,,,,,,,,
AEE-788,403,,,,,,,,30000,,,,,,,,,1006,9430,,,9383,30000,30000,3534,30000,,,,,,,,,,,,,,,,,,,,,,,,,,,,,,2189,30000,,,,,,,,,,,,,,,,,,,,,,,,,,,,,,,,,,,,,,,,,,,,,,,,,,,,,,,,,,,,,,,,,,,,,,,,,,,,,,,,,,,,,,,,,,,,,,,,,,,,,,,,,,,,,,,,,,,,,,,,,30000,,,,,,,,,,,,,,,,,,,,,,,,,,,,7979,,,,,,,,,,,,,,16121,,,,5223,28192,14924,495,1091,,,,,13638,,17152,,,,,,,,,,26399,,,,,632,21770,,,,
Nilotinib,,,,,,,,,,,,,,,,,,,,,,,,,,,,,,,,,,,,,,,,,,,,,,,,,,,,4138,,,,,,,,,,,,,,,,,,,,,,,,,,,,,,,,,,,,,,,,,,,,,,,,,,,,,,,,,,,,,,,,,,,,,,,,,,,,,,,,,,,,,,,,,,,,,,,,,,,,,,,,,,,,,,,,,,,,,,,,,,,,,,,,,,,,,,,,,,,,,,,,,,,,,,,,,,,,,,,,,,,,,,,1484,,,,,115,347,291,651,301,,,3743,927,1052,1274,,,,,,1607,560,772,,,,,,,,,,,,,
Imatinib,,3843,,,,,,,,,,,,,,,,,,,,,,,,,,,,,,,,,,,,,,,,,,,,,,,,,,,,,,,,,4342,,,,,,,,,,,,,,,,,,,,,,,,,,,,,,,,,,,,,,,,,,,,,,,,,,,,,,,,,,,,,,,,,,,,,,,,,,,,,,,,,,,,,,,,,,,,,,,,,,,,,,,,,,,,,,,,,,,,,,,,,,,,,,,,,,,,,,,,,,,,,,,,,,,,,,,,,,,,,,,,41,,,,,22,181,64,7,106,,,,,,,,,,,,,,,,,,,,,,,,,,,
Masitinib,,,,,,,,,,,,,,,,,,,,,,4743,,,,,,,,,,,,,,,,,,,,,,,,,,,,,,,,,,,,,,,,,,,,,,,,,,,,,,,,,,,,,,,,,,,,,,,,,,,,,,,,,,,,,,,,,,,,,,,,,,,,,,,,,,,,,,,,,,,,,,,,,,,,,,,,,,,,,,,,,,,,,,,,,,,,,,,,,,,,,,,,,,,,,,,,,,,,,,,,,,,,,,,,,,,,,,,,,,,,,469,,,,,1119,3956,354,78,593,,,,,,,,,,,,,643,,,,,,,,,,,,,,
Neratinib,34,,,,,,,,,,,,,,,,,,,3173,4007,,3382,1043,922,13,1753,,,,,,,,,,,,,,,,,,,,,,,,,6029,,,,885,,,,,,,,,,,,,,,,,,,,,,,,,,,,,,,,,,,,,,,,926,,,,,,,,,,,,,,,,,,,,,,,,,,,,,,,,,,,,,,,,,,,,,,,,,,,,,,,,,,,,,,,,,,,,,,,,,,,,,,,,,,,,,,,,,,,,,,,,,,,,,,,,,,,,,,1159,,,,,,,,,,,,,,,,,,,,,,,,,,,,,,1005,,,1056,1545,,,,,,,1208,,,,,,,,
Pelitinib,12,,2811,,,117,,,,,,,,,,,,,,8773,2724,,4001,,2280,42,189,,,,,,,,,,,,,,,,,,,,,,,,,10545,,1484,3879,369,967,,,,,,,,,,,,,,,,,,,,,,,,,,,,,,,,,,,,,,,,,,,,,,,,,,,,,,,,,,,,,,,,,,,,,,,,,,,,,,,,,,,,,,,,,,,,,,,,,,,,,,,,,,,,,,,,,,,,,,,2094,,,,,,,,,,,,,,,,,,,,,,,,,,,,1390,,,1300,,1096,,,,,,,,,,,,,,,,,,1193,,,,,,875,,,,,,1180,,,,,,,,514,,97,,,,,,
Linsitinib,,,,,,,,,,,,,1783,,,,,,6558,352,1137,,,,67,614,15435,395,,,,,,,,,,,,,,,,,,,,2149,,,,4213,,,,,,,5572,,,,,,,,,,,,,,,,,,,,,,,,,,,,,,,,,,138,202,,,,,,,,,,,,,,,,,,,,,,,,,,,,,,,,,,,,,,,,,,,,,,,,,,,,,,,,,,,,,,,,,,,,,,,,,,,,,,,,,,,,,,195,,,,,,,,,,,,,,,,,,,,,,,,,,,,,,,,,,,,,,,,,,308,,,,,,,1364,,,,,6054,,,,,,,,,,,,,,,,,,,,,
AEW-541,,,,,,,,,,,,,,,,,,,146,3326,5762,,,,4575,2494,,,,,,,,,,,,,,,,,,,,,,,,,,6501,,30000,,,,,,,,,,,,,,,,,,,,,,,,,,,,,,,,,,,,,,,9769,4041,,,,,,,,,,,,,,,,,,,,,,,,,,,,,,,,835,,,,,,,,,,,,,,,,,,,,,,,,,,,,,,,,,,,,,,,,,,,,,1442,,,,,,,,,3879,,,,3774,,,,,,,,,,,,,,,,,,,,,,,,,,,,,,,,,18265,,,1202,,,23155,,,,,,355,,,,,6453,337,,3555,,623,2445,,,,,,,,,,,,1939,,,
Vemurafenib,,,,,,,,,,,,,,,,,,,734,,,,,,,1800,,,,,,,,,,,,,,,,,,,,,,,,,,1419,,,,,,,,,,,,,,,,,,,,,,,,,,,,,,,3386,,3396,,,,,,,,,,,,,,,,,,,,,,,,,,,,,,,,,,,,,,,2138,,,,,,,,,,,,,,,,,,,,,,,,,,,,,,,,,,,,,,,,,,,,,,,,,,,,,,,,,,,,,,,,,,,,,,,,,,,,,,,,,,,,,,,,,,,,,,,,,,,,,,,,,427,,,,316,2079,,,,,,,,,,,,,,,,,,1411,,,
Galunisertib,,,,,,495,,,,,,,,,,,,,,,,,,,,,,,,,,,,,,,,,,,,,,,,,,,,,,,19352,7903,16150,,,,,,,,,,,,,,,,,,,,,,,,,,,,,,,,,,,,,,,,,,,,,,,,,,,,,,,,,,,,,,,,,,,,,,,,,,,,,,,,,,,,,,,,,,,,,,,,,,,,,,,,,,,,,,,,,,,,,,,,,,,,,,,,,,,,,,,,,,,,,,,,,,,,,,,1693,,,,,,,,,,,,,,,,,,,,,,,38,,,,,11,,,,,,,,,,,,,,,,,,,,16,79
Poziotinib,3,,,,,,,,,,,,,,,,1682,,,,,,,,,,,,,,,,,,,,,,,,,,,,,,,,,,,,,,,,,,,,,,,,,,,,,,,,,,,,,,,,,,,,,,,,,,,,,,,,,,,,,,,,,,,,,,,,,,,,,,,,,,,,,,,,,,,,,,,,,,,,,,,,,,,,,,,,,,,,,,,,,,,,,,,,,,,,,,,,,,,,,,,,,,,,,,,,,,,,,,,,,,,,,,,,,,,,,,,,,,,,,,1185,,,,,,48,,,,,392,,,,,,,,,,2236,340,7057,3,69,,,,,,,
Canertinib,8,,,,,1351,,,,,,,,,,,,,,,,,5820,,,,,,,,,,,,,,,,,,,,,,,,,,,,,,,,,,,,,,,,,,,,,,,,,,,,,,,,,,,,,,,,,,,,,,,,,,,,,,,,,,,,,,,,,,,,,,,,,,,,,,,,,,,,,,,,,,,,,,,,,,,,,,,,,,,,,,,,,,,,,,,,,,,1190,,,,,,,,,,,,,,,,,,,,,,,,,,,,,,,,,,,,,,,,,,,,,,,,,,,,,2485,,,,687,,679,,,,2819,2254,,,,,,,,,1741,,2083,,504,2132,,,,,,,
Sapitinib,3,,,,,176,,,,,,,,,,,,,,,,,,,,,,,,,,,,,,,,,,,,,,,,,,,,,,,,,,,,,,,,,,,,,,,,,,,,,,,,,,,,,,,,,,,,,,,,,,,,,,,,,,,,,,,,,,,,,,,,,,,,,,,,,,,,,,,,,,,,,,,,,,,,,,,,,,,,,,,,,,,,,,,,,,,,,,,,,,,,,,,,,,,,,,,,,,,,,,,,,,,,,,,,,,,,,,,,,,,,,,,,,390,,,,,,751,,,,,1171,,,,,,2479,,,835,,556,7399,,,,,,2202,,,
Dabrafenib,,,,,,,34,120,649,2005,520,,,,,,66,,2294,,,,,,,,,,19,1068,13,,,,,,364,,,,,36,126,318,,,,,,,53,,,,,,,,,1564,,,,,,,,,,,,,,,,,,,,,,,22,,2534,851,,1549,,,188,,,,3223,,2274,,949,,,,,,,,,1453,,,,,,,,,,,,,,,477,47,,,,,,,,,,,,,,,,,,,,,,,,,,,,,,,,,,,,,,,,,,,,,,,,,,,,,,,,,1011,,,,,,,1816,,,,,,,,,,,,,,,,,,,,,,,,,,,,,,,,,,,,,,305,,1545,106,,,,184,283,,783,,817,,1353,727,,,,,,,,,33,82,1414,412,601,2384
BI-847325,,,,,,,,,3513,,333,59,59,,385,,,1549,177,279,181,1107,136,1494,,1357,,,,,1096,,,,,,,,,,,,,2968,2511,,,,,,,3481,,,,,,,,,,,,,,,,,,,,,,,,,,20,,,,,,,,,,,,,,,,,,,,,,,,,,,,,,,,,,,,,,,,,,,,,,,,,,,,,,,,,,,,,,,,,,,,,,,,,,,,,,,,,,,,,,,,,3993,,,,,,,,,,,,,635,,408,759,1265,5048,897,,918,,1459,799,734,,,,2749,3050,,,,,,,,,,,,875,,612,,,,,,,,,,,148,227,469,1163,1480,,1592,,,,,,,94,115,491,187,900,97,736,,,,,,588,885,,,,,,,
Nintedanib,,,2611,,,,,,122,,,,982,,4826,,,,180,,,31,823,3815,,3492,,,,,,,,,,,,,,,,,,,1903,,,,,,,,,,,,,,,,,,,,,,,,,,,,,,,,,,,,,,,,,,,,,,,,,,105,2721,,,,,,,,,,2831,,,,,,,,,,,,,,,,,,,,,,,,,,,,,,,,,,,,,,,,,,,,,,,,,,,,,,,,,,,,,,,,,,,,,1501,5349,,,,10733,,173,5306,169,762,,,53,,,2022,,,,,,,,,4485,2936,,,,,1373,1130,10424,,,,,,,,,,,,1415,,4,3,20,16,,301,591,,,,,,,969,69,,,,,,,,,,,3430,,,,,,,,1866
ASP-3026,20827,,,1325,822,2820,2670,,123,,70,,100,74,363,273,33,5,,,,,23701,30000,,,,,,,,,,,,,,,,,,,,,,,,,,,,,,,,,,,,,,,,,,,,,,,,,,,,,,,,,,5500,,,,,,,,,,1122,9722,7906,,,,,,,,,,,,,,12201,,,,,,,,,,,,,,,,,,,,,,,,,,,,,,,,,,,,,,,,,,,,,,,,,,,,,,,,,,,,,,,1823,,,,,,,,,,,,,,,,,,,,,,,,,,,,,,,704,1414,9130,,,,,,,,,,,,,,,6363,,,627,,4040,,,,5258,,,,,,,781,1275,,1533,1247,,390,1252,,,,,494,1024,,3978,5306,61,,,
BMS-754807,,,,,,,,,,,,76,154,11,799,98,152,,,,,,,,,,,,,,,,,,,,,,,,,,,,,,,,,,654,,,,,,,,,,,,,,,,,,,,,,,,,,,,,,,,,,,,,,,,,1769,5,20,,,,,,,,,,,,,,,,,,,,,,,,,,,,,,,,,,,,,,,,,,,,,,,,,,,,,,,,,,,,,,,,,,,,,,,,,,,,,,,,,,,,,,,,,,,,,,,,,,,,,,272,865,409,,,,,,,,,,,,,,,,,,,,,,,,1798,675,2383,,,,,,,,,,,,,,,,,,1350,,,,,,,,,,,,,
Crizotinib,,,,,,,6488,867,,,,514,1240,595,,,,,,,,,2823,1179,182,1131,2587,8,,,,,,,,,,,,,,,,,,,,,,,,,,,,,,76,,3942,,,,,,,,,,,,,,,,,,,,,,,,,,,,,,,,,,,,,,,,,,,,,,,,,,,,,,,,,,,,,,,,,,,,,,,,,,,,,,,,,,1916,,,,,,,,,,,,,,,,,,,,,,,,,,,,,,,,,,,,,,,,2728,,,,,,,,,,,,,,,,,,,,,,,,,,,1968,,,,,,,,,,,,623,,,,,427,2485,803,,,,,,,,1414,,,,,,1266,,,,,,,1867,1890,4340,,545,,3492
MK-5108,,,,,,,,,,,183,3,164,,1543,343,6,473,,,,,1091,,1851,,,,,,,,,,,,,,,,,,,,,3076,1148,,,,,,,,,,,,,1581,,,,,,,,,,,,,,,,,,,,,,,,,,,,,,,,,,,25,,,,,,,,,,,,,,,,,,,,,,,,,,,,,,2472,,,,,,,,,,,,,,,,,,,,,,,,,,,,,,,,,,,,,,,,,,,,,,,,,,,,,,,,,,,2374,2270,,,,,,,,,,,,,,,,,,,,,,,,,,,,,,,,,,,121,24,,388,1216,,77,11,62,,,,,,,,,,,,,724,202,,,,,,707,,5085,,841,,425,1702
Bafetinib,,,,,,,,,,,,,,,,,,,11392,,,3132,,,,,,,,,,,,,,,,,,,,,,,,,,,,,,,,,,,,,,,,,,,,,,,,,,,,,,,,,,,,4546,1135,,,2154,,,,,,,,,,,,,,,,,,,,,,,,,,,,,,,,,,,,,,2893,,,,,,23,,,,,,,,,,,,,,,,,,,,,,,,,,,,,,,,,,,,,,,,,,,,,,,,,,,,,,,,,,,,,,,,,,,,,,,,,,,,,,,,,,,,,,,,,,,,,2416,14,48,10,15,26,1469,304,,536,65,506,,294,,1444,,239,428,90,,30000,1299,1980,,,,,,,,,
MLN-2480,,,,,,,,,,,,,,,,,,,,,,11107,,,,,,,,,,,,,,,,,,942,3218,,,,,,,,,,,,,,,,252,,,,,,,,,,,,,,,,,,,,,,,,,,3772,,,,,,,,,,,,,,,,,,,,,,,,,,,,,,,,,,,,,,,,,,,,,,,,,,,,,,,,,,,,,,,,,,,,,,,,,,,,,,,,,,,,,,,,,,,,,,,,,,,,,,,,,,,,,,,,,,,,,,,,,,,,,,,,,,,,,,,,,,,,,63,227,99,296,498,,,684,358,450,1800,,,,,,,172,807,,,9434,,,,2090,1021,,,3344,,
Regorafenib,,,,,,,,,,,,,,,,,,,,,,,,,,,,,,,,,,,,,,,,2107,,719,,,,,,,,,,,,,,,,,,,,,,,,,,,,,,,,,,,,,,,,,3125,,,,,,,,,,,,,,,,,,,,,,,,,,,,,,,,,,,,,,,,,,,,,,,,,,,,,,,,,,,,,,,,,,,,,,,,,,,,,,,,,,,,,,,,,,,,,,,,,,,,,,,,,,,,,,,,,,,,,,,,,,,,,,,,,,,,,,,,,,,562,126,358,421,,739,753,767,682,1911,705,274,368,,,,,,,,832,,,,,,,465,616,,,,,
CEP-32496,,,,,,,,,,,,,,,980,,,,,,,,,,2822,20104,,,,,,,,,,,,,,,,,,,,,1471,148,,,,,,,,,,,,,,,,,,,,,,,,,,,,,,,,,,,2852,,,,2683,,,,,,,,,,,,,,,,,,,,,,,,,,,,,,,,,,,,,,,,,,,,,,,,,,,,,,,,,,,,,,,,,,,,,,,,,,,,,,,,,,,,,,,,,,,,,,,,,,,,,,,,,,,,,,,,,,,,,,,,,,,,,,,,,,,,,,,550,11,124,183,30,41,50,442,490,872,566,998,,,,,,,771,,144,,,9818,,,,,,,,,,
Pexmetinib,,,,,,,,,,,,,,,,30000,1661,,,,,,,,,,,,,4155,,,,,,,,,,,,402,,,2675,,,312,,,,,,,,,,,,4366,,,,,,,,,,,,,,,,,,,,,,,5233,,,,,,,,,,,,,,,,,,,,,,,,,,,,,,,,,,,,,,,,,,,,,,,,,,,,,,,,,,,,,,,,,,,,,,,,,,,,,,,,,,,,,,2644,3312,,,,,,,,,,,,,,,,,,,,,,,,,,,,,,,3126,,,,,222,,,,,,,,,,,,,,,,,1200,363,1138,351,681,211,,67,192,42,1254,662,,,,,,2496,1548,2565,,,,,,,,,,,,,
MGCD-265,,,,,,,,,,,1425,,,,,,1495,,,,,2776,,,,,,99,,,,,,,,,,,,,,,,,,,,,,,,,,,,,,2320,,,,,,,,,,,,,,,,,,,,,,,,,,,,,,,,,,,,,,,,,,,,,,,,,,,,,,,,,,,,,,,,,,,,,,,,,,,,,,,,,,,,,,,,,,,,,,,,,,,,,,,,,,,,,,,,,,,,,,,2677,,,,,,,,,,,,,,,,,,,,,,,,,,,,,,,,,,,,,,,,,,,,,179,,549,1493,315,858,241,,,,,,,,92,337,1239,283,890,1104,,,,,,,,,,,983,,,
TAK-593,,,10914,2441,869,,,,,,,,,,,,,,,,,91,,,,,,,,,,,,,,,,,,,,,,,,,,,,,,,,,,,,,,,,,,,,,,,,,,,,,,,,,,,,,,,,,,,,,,,,,,,,,,,,,,,,,,,,,,,,,,,,,,,,,365,,,,,,,,,,,,,,,,,,,,,,,,,,,,,,,,,,,,,,,,,,,,,,,,,,,,,,,,,,,,,,,,,,,,,,,,,,,,,,,,,,,,,,,,,,,,,,,,,,,,10,14677,19290,4058,35,918,,,,,,,423,,,,,,,,,,,,,,,,,,,,
TG-100801,,,,,,824,,,,,,,,,,,,,,,,109,,,,,,,,,,,,,,,,,,,,,,,,,,,,,,,,,,,,,,,,,,,,,,,,,,,,,,,,,,,,,,,703,,,,,,,,,,,,,,,,,,,,,,,,,,,,,,,,,,,,,,,,,,,,,,,,,,,,,,,,,,,,,,,,,,,,,,,,,,,,,,,,,,,,,,,,,,,,,,,,,,,,,,,,,,,,,,,,,,,,,,,,,,,,,,,,,,,,,,,,,,1028,,,1034,65,10707,192,,,,,,4435,1466,,,,,,1188,,1296,711,,,,,,,,,,
Cabozantinib,,,,,,,,,,,,,,,,,,,2388,,,,,,,,,,,,,,,,,,,,,,,,,,,,,,,,,2628,,,,,,,2901,,,,,,,,,,,,,,,,,,,,,,,,,,,,,,,,,,,,,,,,,,,,,,,,,,,,,,,,,,,,,,,,,,,,,,,,,,,,,,,,,,,,,,,,,,,,,,,,,,,,,,,,,,,,,,,,,,,,,,,,,,,,,,,,,,,,,,,,,,,,,,4108,,,,,,,,,,,,,,,,,,,,,53,86,209,501,918,342,1098,767,,,,,2459,,1045,,,1098,1333,560,746,,,,,,,,,,1763,,,
Tivozanib,,,,,,,,,,,,,1562,,,,,,,,,2409,4622,,2375,,,,,,,,,,,,,,,,,,,,,,,,,,,,,,,,,,,,,,,,,,,,,,,,,,,,,,,,,5433,,,,,,,,,,,,,,,,,,,,,,,,,,,,,,,,,,,,,,,,,,,,,,,,,,,,,,,,,,,,,,,,,,,,,,,,,,,,,,,,,,,,,,,,,,,,,,,,,,,,,,,,,,,,,,,,,,,,,,,,,,,,,,,,,,,,,,,,,,,,,12,190,592,302,160,195,801,,,,,1346,,2183,,,,2019,145,147,601,448,310,5563,,,,,,787,,,
Sapanisertib,,,,,,,,,,,,,,,,,,,3416,3007,1922,3609,3252,,15891,,,,,,,,,,,,,,,,,,,,3777,,,,,2013,,,3304,158,152,,,,,,,,1094,,,,,,,,,,,,,,,,,,,,,449,,,,,,,,,,,,2190,5955,1734,,,,,,,,,,,,,,,,,,,,,,,,,,,,,901,,3498,,,,,,,,,,,,,,,,,,,,,,,,,,,,,,,,,,,,,,,,,,123,1281,,,,,,,,,3730,,,,,,,8215,,,,,,,,,,,,,,,,,,3840,,,,,,,21773,,,,,,,40,,7044,1603,881,139,,,,178,,,,,2375,,,,,,,,,,,,,,,1055,1850,,2098,,767,2473
CP-547632,,,,,,,,,904,1564,,,1503,,,,,,,,,1146,515,268,772,1380,2785,,,,,,,,,,,,,,,,,,396,,,,281,,,,,,,,,,,,,,,,,,,,,,,,,,,,,,,,,,,,,,,,1417,,,,,,,,,,3572,,,,,,,,,,,,,,,,,,,,,,,,,,,,,,,,,,,,,,,,,,,,,,,,,,,,,,,,,,,,,,,,,,,,,,,,,,,,,,,,,,,,,,,,,,,,,,,,,,,,,,,,,,,8111,,,,,,,,,,,,,,,,894,341,67,669,,2596,2164,958,1224,,,,,881,1213,,,,,627,,,,,,,,135,,,2042,226,4,5
GSK-1070916,,,169,,,,1463,1933,685,,575,71,371,,,,536,,1929,,,,,,,,,,,,,,,,,,,,,,,,,,957,,,,22747,,,2415,,,18396,1431,,,,,,,,2890,,,,,,,,,,,,,,,,,,,,,,,,,,,,,,,,,,,,,,,,,,,,,,,,,,,,,3289,,,,,,,,1111,,9900,,,,,,2163,,,,,,,,,,,,,,,,,,,,,,,,,,,,,,,,,,,,,,,,,,,,,,,,17984,992,,,,,,,,,,,,,,,,,,,5946,,,,,1223,,104,,,,,,,,,2402,,,3726,,53,67,8,1271,,,,611,10078,,8500,,,,,,,,,,,,,,,,,,,,8187,3772,1207,1940
AMG-900,,,,,3556,,5673,1912,,,,7,20,,,,,,,3314,3488,,,,186,1710,,,,,,,,,,,,,,2458,,,,,,,,,,,,,,,,,,,,,1766,,1896,,,,,,,,,,,,,,,,,,,,2482,,,,,,,,190,127,,,,3023,1817,,,,,,,3218,,,,,,2792,,,,,,,,,,2153,,,2381,,,,,,1479,,,,,,,,,,,,,,,,,,,,,,,,,,,,,,,,,,,1690,,,,,,,,,,,1966,2747,,,,,,,,,,,,,,2069,,,,,,,,,,,,,,,,,,,,,,1092,,,,,,,3353,,,,1139,110,298,,1968,1899,,2686,,735,,,,,,,,,,,,,,,,,,,,,,,
ENMD-2076,,4414,1488,,,,,,,,129,80,245,,,,,,,,,,,,,3783,,,,,,,,,,,,,,,,,,,409,,,,,702,2977,,,,,,,,,,,,,,,,,,,,,,,,,,,,,,,,,,2348,,,,,,,,,,,,,,,,,,,,,,,,,,,,,,,,,,,,,,,,,,,,,,,,,,,,,,,,,,,,,,,,,,,,,,,,,,,,,,,,,,,,,,,,1196,,,,,,,,,,,,,,,,,,,,,,,,,2950,,,206,,,,,,,,,,476,,,,,,,,,,,8,487,755,3421,,,,,,,,,,441,2962,1858,3016,,,,,,,,,,,,,,,,,
AZD-1480,,3956,,,,,,,,,308,306,1559,191,517,1884,1264,515,,,,,728,686,,,,,,,,,,,,,,,,,,,,,777,,,,,,,,,,,,,,,,,,,,,,,,,,,,,,,,,,,,,,,,,,,,,,,,,,,,,,,,,,,,,,,,,,,,,,,,,,,,,,,,,,,,,,,,,,,,,,,,,,,,,,,,,,,,,,,,,,,,,,,,,,,,,,,,,,,,,,,,,,,861,860,,,,,,,,,,,,,,1884,,,,,,,,,,,,,,,,,,,,,,,1685,238,,,,,,,,,,,,,,,,,,,,,,,,,,,,,,,,
Fostamatinib,,,,,,,,,,,570,300,2550,5400,,,160,,,,,,,,,,,,,,,,,,,,,,,,,,,,,,2011,1533,1071,2484,41,,,,,,,2132,2635,,,,,,,,,,,,,,,,,,,,,,,,,,,,,,,,,,,,,,,,,,,,,,,,,,,,,,,,,,,,,,,,,,,,,,,,,,,,,,,,,,,,,,,,,,,,,,,,,,,,,,,,,,,,,,,,,,,,,,,,,2157,2506,1320,,,,,,,,,,,,,,,,,,,,,,,,,,,,,,,,,,,,,,,1290,843,1147,,,,,,,,,,,,,,,,,,,,,,,,,,,,,,,,
Barasertib,1734,,,,,,,,,,,49,,,,,,,82,,,2692,,,,2236,,,,,,,,,,,,,,,,,,,,,,,,,,,,,,,,1416,,,,,,,,,,,,,,,,,,,,,,,,,,,,,,,,,,,,,,,,,,,,,,,,,,,,,,,,,,,,,,,,,,,,,,,,,,,,,,,,,,,,,,,,,,,,,,,,,,,,,,,,,,,,,,,,,,,,,,,,,,,,,,,,,,,,,,,,,,,,,,,,,,,,,,,,,,,,,,,,,,,,257,209,,,,,,1850,,,,,,,,,,2886,3633,,,,,,,,,,,,,,,
Barasertib_HQPA,2255,2217,,,,,,,,,,285,3,,,,,,405,,,,,,,900,,,,,,,,,,,,,,,,,,,,,,,,,,,,,,,,2508,,,,,,,,,,,,,,,,,,,,,,,,,,,,,,,,,,,,,,,,,,,,,,,,,,,,,,,,,,,,,,,,,,,,,,,,,,,,,,,,,,,,,,,,,,,,,,,,,,,,,,,,,,,,,,,,,,,,,,,,,,,,,,,,,,,,,,,,,,,,,,,,,,,,,,,,,,,,,,,,,,,,127,1278,,,,,,,,,,,,,2692,,,,,,,,,,,,,,,,546,,,
Axitinib,,,2223,2159,2299,,,,,,721,374,236,,,,,,,,,404,2713,5960,,2735,,,,,,,,,,,,,,,,,,,268,,,,,,,6840,,,,,,,,,,,,,,,,,,,,,,,,,,,,,,,,,,,,642,,,,,,,,,,,,,,,,,,,,,,,,,,,,,,,,,,,,,,,,,,,,,,,,,,,,,,,,,,,,,,,,,,,,,,,,,,,,,,,,,,,,,,,,,,,,,,,,,,,,,,,,,,,,,,,,,,,,,,1812,1770,3904,,,,,,,,,,,,,,,105,,,1039,188,906,,,,,4615,,,,,,,,,,,,,,,,,,,,,,
Tozasertib,,,387,353,502,,,,,,512,6,107,,,,,,,,,,,,,1577,,995,,,,,,,,,,,,,,,,,,,,,,,,,,,,,,,,,,,,,,,,,,,,,,,,,,,,,,,,,,,,,,,,,,,,,,,,,,,,,,,,,,,,,,,,,,,,,,,,,,,,,,,,,,,,,,,,,,,,,,,,,,,,,,,,,,,,,,,,,,,,,,,,,,,,,,,,,,,,,,,,,,,,,,,,,,,,,,,,,,,,15,,,,,,,,,,,,,,461,427,,,347,505,479,,,,,,,,,,,,,,,,,,,,,,,,,,,
Alisertib,,5535,,,,,,,,,1178,5,195,1501,,,1270,,,,,,,,,,,,,,,,,,,,,,,,,,,,,,,,,,,,,,,,,,,,,,,,,,,,,,,,,,,,,,,,,,,,,,,,,,,,,,,,,,,,,,,,,,,,,,,,,,,,,,,,,,,,78,,,,,,,,,,,,,,,,,,,,,,,,,,,,,,,,,,,,962,,,,,,,,,,,,,,,,,,,,,,,,,,,,,,,,,,,,,,,,,,,,,,,,,,,,,,,,,,,,,,,,,1009,,,,,,,,,,,,,15993,,,309,,,1265,455,,,,,,,,,
MLN-8054,,10934,,,,,,,,,,3,105,,,,,,,,,,,,,,,,,,,,,,,,,,,,,,,,,,,,,,,,,,,1887,,,,,,,,,,,,,,,,,,,,,,,,,,,,,,,,,,,,,,,,,,,,,,,,,,,,,,,,,,,,,,,,,,,,,,,,,,,,,,,,,,,,,,3156,,,,,,,,,,,,,,,,,,,,,,,,,,,,,2161,,,,,,,,,,,,,,,,,,,,,,,,,,,,,,,,,,,,,,,,,,,,,,,,,,4609,,,,,1293,1421,1485,,,,,,,,,,,,,,626,2384,,1112,3275,,1252,,,,,,,
BMS-690514,225,2859,1712,1414,1388,3,140,493,48,,,,,,,,,208,972,,,,1281,2420,,2071,,,,,,,,,,,,,,,3292,,,,,,,,,,,,1371,3641,,,,,,,,,,,,,,916,1212,,,,,,,,2422,,,,,2652,,,,1717,,,,,,,,,,,,,,,,,,,,,,,,,,,,,,,,,,,,,,,,,,,,,,,,,1854,,,,,,,,,,,,,,,,,,,,,,,,,,,,,,,,,,,,,,,,1054,546,,,,,2604,,,,,,,,,,,,2174,1701,,,,,,1867,,703,738,,4618,,,,,,,1741,1557,,1344,,,2816,,,,2011,34,,,40,,128,,,,,282,,1026,514,1153,583,712,887,795,,,,,,,,,,,,,,1229
Bosutinib,,,870,,1357,42,,,206,,,,,,767,,,138,1669,3668,1223,,877,873,77,16,58,,,,,,,,,,,,,,,,,,,,,,,,,,,,,1636,2026,,,,,,,,,,,,,,,,,,,,,,,,,1529,,,,195,,,,,,,,,,,,,,,,,,,,,,,,,,,,,,,,,,,,,,,,,,,,,,,,,876,,,,,,,,,,,,,,,,,,,,,,,,,,,,,,,,,,,,,,,,650,1311,,,,,,838,1022,,,,,,,,,,,,,,,,,,,,,,,,,,820,,,,,,,,,,,,,,,,,20,3,19,,,,,1213,,172,35,168,179,136,63,27,118,,259,99,59,25,,107,,,,,,
Ponatinib,,,,,,1862,,,,,,,,,,295,84,,2952,,,3285,,,41,,,,,,1729,,,,,,,,,,,335,,,,,,,,,,,,,,,,,,691,2136,,,,,,,,,,,,,,,,,,,,,547,1194,,1779,315,99,,,,,,,,,,,,,,,,,,,,,,,,,,,,,,,,,,,,,,,,,,,,,,,,,,,,,,,,,,,,,,,,,,,,,,,,,,,,,,,,,,1140,,,,,,,,,,,,,,,,,,,,2190,,,,,,,,,,,,,,,1766,,307,385,,769,,,,,,,,,,,,,7,25,18,87,20,50,36,83,468,1012,154,41,,218,24,367,36,82,27,94,27,8,1857,1493,17152,,,493,,,,,,
Rebastinib,,,,,,,,,,,4088,,,,1223,9240,55,,,,,,,,1062,3792,,126,199,1498,314,,,,,,1070,,,2139,,7,,,,,26059,980,,,,,,,,,,732,,2303,14196,,,,,,,,,,,,,,,,,,,,,,26018,,,410,2180,,,,,672,,,4457,,,,666,,,,,,,,276,3042,,,,,,,,,,,,,,,,30000,,,,,,,,,,,,,,,,,,,,,,,,,,,,,,,,,,,,,,,,,,,,,,,,,,,,,1828,,,,3059,,,25902,12111,2652,,,23194,,,,,,,,,,,,280,,,,,2711,1881,,566,,,,,,,,,,,,,814,1215,272,805,135,381,317,,4691,,2763,388,1282,1441,180,5852,1328,176,452,1630,,,,,,1219,,,535,3505,,,,
Foretinib,,,,,,,,,,,106,,275,,364,661,2653,,160,3933,1099,,,,,495,,94,,,,,,,,,,,,,,,,,,,,,,,,,,,,,,91,109,,,,,,,,,,,,,,,,,,,,,,,6410,,,,,,,,,,,,,,,,,,,,,,,,,,,,,,,,,,,,,,,,,,,,,,,,,,,,,,,,,,,,,,,,,,,,,,,,,,,,,,,,,,,,,,,1448,,,,,,,,,,,,,,,,,,,,,,,,,,,,,,,,49,,,,,,3787,,,,,,,,,,,,,,,60,6,66,182,54,106,104,54,,,,53,161,,41,28,,66,112,28,63,219,5029,804,930,423,,,,,441,570,,
Golvatinib,,,,,,,,,,,,,,,,1006,,,2452,,,,,,,2209,,,,,,,,,,,,,,,,,,,,,,,,,,,,,,,,25,,,,,,,,,,,,,,,,,,,,,,,,4824,,,,,,,286,,,,,,,,,2121,1080,,,,,,,,,,,,,,,,,,,,,,,,,,,,,,,,,,,,,,,,,,,,,,,,,,,,,,,,,,,,,,,,,,,,,,,,,,,,,,,,,,,,,,,,,,,,,,,,,,,,,,601,,,,,,,,,,,,,,,,,,,,,4,175,5,39,722,703,631,97,,,1111,695,170,,524,,,1070,1527,10837,30,214,302,109,1033,,,1106,2392,,53,255,,
Saracatinib,,,,,,108,,,1407,4851,,,,,,,,4650,,,,631,11681,30000,,,,,,,,,,,,,,,,,,,,,,,,,,,,,,,,,,,,,,,,,,,,,,,,,,,,,,,,,,,,,,30000,,956,,,,,,,,,,,,,,,,,,,,,,,,,,,,,,,,,,,,,,275,3878,,,,,,,,,,,,,,,,,,,,,,,,,,,,,,,,,,,,,,,,,,,,,60,,,,,,,,,,,,,,,,,,,,,,,,,,,,,,,,,,1121,1375,,,,,,,,,,,,,4,,,,4401,30000,91,16,53,3,,,,2985,1768,95,9,132,98,100,113,2330,729,2381,9415,3878,917,10153,,,,,,3602,142,197
Ibrutinib,43,,,,,,,,,,,,,,,,,,243,,,,,,,,,,,,,,,,,,,,,,,,,,,,,,,,,,,,,,,,,,,,,,,,,,,,,,,,,,,,,,,,,,,399,,,,,,,,,,,,,,,,,,,,,,,,,,,,,,,,,,,,,,,,,,,,,,,,,,,,,,,,,,,,,,,,,,,,,,,,,,,,,,,,,,,,,,,,,,,,,,1884,,,,,,,,,,,,,,,,,,,,,,,,,,,,,,,,,,,,,,,,,,1578,18050,,,919,1459,1694,57,,,,1705,85,27,103,97,305,42,148,589,,,,,,10,25,,21089,,31,,,
Tesevatinib,38,,,,,615,,,,,,,,,,,,,30000,,,,1905,3421,,908,1819,,,,,,,,,,,,,,,,,,,,,,,,,,,,,,,,,,,,,,,,,,,,,,,,,,,,,,,,,,,,,,,,,,,,,,,,,,,,,,,,,,,,,,,,,,,,,,,,,,,,,,,,,,,,,,,,,,,,,,,,,,,,,,,,,,,,,,,,,,,,,,8,,,,,,,,,,,,,,,,,,,,1174,,,,,,,,,,,,,,,,,1907,,,,,,,,,,,,,,,,,64,73,1523,628,113,921,33,1519,,,,366,3936,207,1127,,1161,1130,,501,,448,37,440,1623,,1743,,,172,,,3316